Epsilon Value,15,100,250,500,1000,2000
0.0,0.0,0.0,0.0,0.0,0.0,0.0
0.0001,0.0015988005598178,0.0100496662424972,0.0247888380588555,0.0488680764330462,0.0952575897307996,0.181359306990977
0.0002,0.003195204477089,0.0199993266925837,0.0489655772023041,0.095352597173288,0.1814493664321711,0.3298408284513962
0.0003,0.004789215105268,0.0298499666698613,0.0725452727289767,0.1395695997425546,0.2594373575200684,0.4514023932811255
0.0004,0.0063808357934519,0.0396025618830503,0.0955426110852326,0.1816294834308536,0.3300016982896644,0.5509226447631714
0.0005,0.0079700698863854,0.0492580785227868,0.1179719188664289,0.2216372827331972,0.3938484045713251,0.632396441580062
0.0006,0.009556920724468,0.0588174733535453,0.1398471715994215,0.2596929275510155,0.4516164083270101,0.6990948933198233
0.0007,0.0111413916437517,0.0682816938046281,0.1611820023114465,0.295891490797324,0.5038839260165968,0.7536964286353391
0.0008,0.0127234859759576,0.0776516780603915,0.1819897098909182,0.3303234240148677,0.5511742229551935,0.7983941371698615
0.0009,0.0143032070484732,0.0869283551495043,0.2022832672446979,0.363074781585633,0.593960830895617,0.8349836784636395
0.001,0.01588055818436,0.0961126450334047,0.2220753292571271,0.3942274340836764,0.6326722706538073,0.8649352745278981
0.0011,0.0174555427023583,0.1052054586939014,0.241378240555479,0.4238592712957247,0.6676963266874629,0.8894526666362945
0.0012,0.0190281639168927,0.1142076982199367,0.260204043086544,0.4520443954089947,0.6993839160966219,0.9095213957735252
0.0013,0.0205984251380769,0.1231202568935208,0.2785644835089214,0.4788533048415446,0.728052590493061,0.9259483393035598
0.0014,0.0221663296717192,0.1319440192748425,0.2964710204054859,0.5043530691675363,0.7539897055441207,0.939394086743172
0.0015,0.0237318808193276,0.1406798612865676,0.3139348313203831,0.5286074955679607,0.7774552896998397,0.9503994510940588
0.0016,0.0252950818781164,0.1493286502973384,0.3309668196248261,0.5516772872166266,0.798684640627561,0.9594071775648496
0.0017,0.0268559361410051,0.157891245204429,0.3475776212157295,0.5736201939912591,0.8178906751757472,0.966779719334924
0.0018,0.028414446896633,0.1663684965157028,0.3637776110515135,0.5944911558812671,0.8352660562427261,0.9728137926008568
0.0019,0.0299706174293584,0.1747612464306924,0.3795769095286497,0.6143424394449242,0.8509851177103577,0.9777522942152128
0.002,0.0315244510192649,0.1830703289209492,0.3949853887030914,0.6332237676525557,0.86520560659821,0.9817940596266967
0.0021,0.0330759509421666,0.1912965698096159,0.4100126783602352,0.6511824434355514,0.8780702597779414,0.9851018523392938
0.0022,0.0346251204696131,0.1994407868502374,0.424668171937107,0.6682634672457504,0.8897082309442661,0.987808905270151
0.0023,0.0361719628688953,0.2075037898048158,0.438961032300354,0.6845096489150201,0.9002363820509934,0.9900242763693742
0.0024,0.0377164814030496,0.2154863805211195,0.4529001973835407,0.6999617140908493,0.9097604520736756,0.9918372333500928
0.0025,0.0392586793308635,0.2233893530092514,0.4664943856871615,0.714658405510457,0.9183761147410178,0.9933208434638884
0.0026,0.0407985599068826,0.2312134935174929,0.4797521016447135,0.7286365793632519,0.926169935773334,0.9945349123884965
0.0027,0.0423361263814082,0.2389595806073781,0.4926816408579918,0.7419312969793046,0.933220239166967,0.9955283901966138
0.0028,0.0438713820005136,0.2466283852281348,0.505291095204999,0.7545759120703276,0.939597891159134,0.9963413410023828
0.0029,0.0454043300060414,0.2542206707903275,0.5175883578232674,0.7666021537381889,0.9453670096884444,0.99700655538022
0.003,0.0469349736356111,0.2617371932388367,0.5295811279718368,0.778040205456119,0.950585606425314,0.9975508703186018
0.0031,0.0484633161226234,0.2691787011251312,0.5412769157747439,0.7889187802175429,0.9553061677752532,0.9979962497352456
0.0032,0.0499893606962659,0.2765459356788472,0.5526830468489154,0.7992651920381525,0.959576180650602,0.9983606689699108
0.0033,0.0515131105815179,0.2838396308786822,0.5638066668192692,0.8091054239878439,0.9634386082563852,0.998658838801816
0.0034,0.0530345689991557,0.2910605135226093,0.5746547457237619,0.8184641929206123,0.9669323206382052,0.998902798095149
0.0035,0.0545537391657572,0.2982093032974177,0.5852340823110553,0.8273650110623658,0.9700924842895162,0.9991023989001778
0.0036,0.0560706242937089,0.305286712847596,0.5955513082334203,0.8358302446088943,0.9729509147077724,0.9992657035175168
0.0037,0.0575852275912044,0.3122934478435147,0.6056128921373536,0.8438811694788089,0.9755363954197488,0.9993993094960766
0.0038,0.0590975522622593,0.319230207049034,0.6154251436545604,0.8515380243594504,0.9778749666622212,0.9995086156392312
0.0039,0.0606076015067094,0.326097682388384,0.6249942172954992,0.8588200611767741,0.9799901866016164,0.9995980397226804
0.004,0.0621153785202178,0.3328965590124446,0.6343261162480229,0.8657455931142023,0.9819033677025528,0.999671196686236
0.0041,0.0636208864942796,0.3396275153643803,0.6434266960833532,0.8723320402991933,0.9836337906073233,0.999731044472452
0.0042,0.065124128616227,0.3462912232446458,0.652301668371654,0.8785959732706012,0.9851988976640764,0.9997800033838538
0.0043,0.0666251080692343,0.3528883478753684,0.6609566042093971,0.8845531543344145,0.9866144680384318,0.9998200537652966
0.0044,0.0681238280323229,0.3594195479641129,0.6693969376606645,0.8902185769102586,0.987894776159493,0.9998528159459332
0.0045,0.0696202916803665,0.3658854757670343,0.6776279691144818,0.8956065029660939,0.989052735084914,0.999879615661355
0.0046,0.0711145021840973,0.3722867771514315,0.6856548685602252,0.9007304986338264,0.9901000262191192,0.9999015375920614
0.0047,0.072606462710105,0.3786240916576658,0.6934826787830495,0.9056034680940268,0.9910472166825324,0.9999194691759976
0.0048,0.074096176420851,0.384898052560556,0.7011163184814068,0.9102376858137984,0.9919038655063682,0.9999341364612752
0.0049,0.0755836464746677,0.3911092869301126,0.7085605853083758,0.9146448272175696,0.9926786197158892,0.999946133444614
0.005,0.0770688760257638,0.3972584156917257,0.7158201588387882,0.918835997866923,0.9933793012640622,0.9999559460786412
0.0051,0.0785518682242305,0.4033460536857667,0.7228996034639004,0.9228217612217672,0.9940129856860892,0.9999639719163784
0.0052,0.0800326262160461,0.409372809726619,0.7298033712153836,0.9266121650516972,0.994586073262566,0.999970536185446
0.0053,0.0815111531430804,0.4153392866611408,0.7365358045203516,0.930216766563046,0.9951043534041254,0.9999759049405934
0.0054,0.0829874521431004,0.4212460814265671,0.7431011388891015,0.9336446563039646,0.9955730629026552,0.9999802958253932
0.0055,0.0844615263497751,0.427093785107856,0.7495035055372056,0.9369044809068388,0.9959969386328452,0.9999838868775172
0.0056,0.0859333788926816,0.4328829829944891,0.7557469339435597,0.9400044647244854,0.9963802652323054,0.999986823733117
0.0057,0.0874030128973037,0.4386142546366964,0.7618353543459025,0.9429524304138168,0.9967269182382678,0.999989225521252
0.0058,0.0888704314850474,0.4442881739012033,0.7677726001754313,0.9457558185181252,0.9970404031134192,0.9999911896864504
0.0059,0.0903356377732381,0.4499053090263791,0.7735624104318598,0.94842170609654,0.9973238905522668,0.9999927959342356
0.006,0.0917986348751278,0.4554662226768867,0.77920843200047,0.9509568244469908,0.99758024842221,0.999994109459056
0.0061,0.0932594258999,0.4609714719978015,0.7847142219125285,0.9533675759666688,0.9978120706598004,0.9999951835850712
0.0062,0.0947180139526743,0.4664216086682102,0.7900832495504525,0.9556600501918922,0.99802170341217,0.9999960619265552
0.0063,0.096174402134512,0.4718171789542935,0.7953188987990724,0.9578400390572362,0.9982112686860266,0.9999967801552646
0.0064,0.09762859354242,0.4771587237618999,0.8004244701443006,0.9599130514118528,0.9983826857416376,0.9999973674462456
0.0065,0.0990805912693566,0.4824467786886128,0.8054031827204899,0.961884326829074,0.9985376904466302,0.9999978476605638
0.0066,0.1005303984042375,0.4876818740753238,0.8102581763077348,0.9637588487436414,0.998677852783988,0.9999982403128036
0.0067,0.101978018031934,0.4928645350572805,0.8149925132803026,0.9655413569492208,0.9988045926901228,0.9999985613624922
0.0068,0.1034234532332885,0.4979952816147018,0.8196091805074669,0.967236359487326,0.9989191943821548,0.9999988238614744
0.0069,0.1048667070851118,0.503074628622848,0.8241110912077924,0.9688481439571912,0.999022819318385,0.9999990384834512
0.007,0.1063077826601904,0.5081030859016387,0.8285010867580892,0.9703807882747668,0.9991165179222314,0.999999213957118
0.0071,0.1077466830272911,0.5130811582647872,0.8327819384581067,0.9718381709076156,0.9992012401875026,0.9999993574204472
0.0072,0.1091834112511654,0.5180093455684631,0.8369563492520509,0.9732239806111812,0.9992778452716454,0.9999994747104636
0.0073,0.1106179703925553,0.5228881427594858,0.8410269554079782,0.9745417256906852,0.999347110173458,0.9999995706002562
0.0074,0.1120503635081973,0.527718039923054,0.844996328156092,0.9757947428117127,0.9994097375825598,0.9999996489928256
0.0075,0.1134805936508274,0.5324995223300175,0.8488669752869439,0.9769862053814437,0.999466362979602,0.9999997130796277
0.0076,0.1149086638691879,0.5372330704836974,0.85264134271052,0.9781191315214042,0.9995175610586684,0.9999997654702416
0.0077,0.1163345772080256,0.5419191601662311,0.8563218159771433,0.9791963916516117,0.999563851536518,0.9999998082984156
0.0078,0.1177583367081063,0.5465582624845222,0.8599107217611832,0.9802207157050266,0.9996057044071543,0.999999843308794
0.0079,0.1191799454062128,0.5511508439156965,0.863410329308397,0.9811946999902826,0.999643544694632,0.9999998719278452
0.008,0.1205994063351519,0.5556973663521464,0.8668228518478521,0.9821208137198194,0.9996777567519743,0.999999895321864
0.0081,0.1220167225237591,0.5601982871461362,0.8701504479692691,0.983001405219698,0.999708688149506,0.9999999144444054
0.0082,0.1234318969969029,0.5646540591539779,0.8733952229666311,0.983838707836591,0.9997366531917816,0.9999999300750744
0.0083,0.1248449327754903,0.5690651307797818,0.8765592301488849,0.9846348455566846,0.999761936098551,0.9999999428512442
0.0084,0.126255832876471,0.573431946018785,0.8796444721185344,0.985391838350518,0.99978479388183,0.9999999532939964
0.0085,0.1276646003128424,0.5777549445002633,0.8826529020189102,0.986111607257102,0.9998054589480776,0.9999999618293284
0.0086,0.1290712380936564,0.5820345615300344,0.8855864247508857,0.9867959792200072,0.9998241414517264,0.9999999688054982
0.0087,0.1304757492240169,0.5862712281325274,0.888446898159761,0.9874466916875024,0.9998410314237984,0.9999999745072043
0.0088,0.1318781367050949,0.5904653710924944,0.8912361341930951,0.988065396988234,0.999856300697086,0.9999999791671816
0.0089,0.1332784035341268,0.5946174129962734,0.8939559000301298,0.9886536664933712,0.9998701046473176,0.9999999829756808
0.009,0.1346765527044201,0.5987277722726762,0.8966079191835462,0.9892129945756244,0.9998825837678854,0.9999999860882224
0.0091,0.136072587205359,0.6027968632334786,0.8991938725742115,0.9897448023750284,0.9998938650940284,0.9999999886319324
0.0092,0.1374665100224088,0.6068250961135196,0.9017153995795772,0.990250441380902,0.9999040634908486,0.9999999907107248
0.0093,0.1388583241371203,0.6108128771104138,0.9041740990563736,0.9907311968389444,0.9999132828181706,0.9999999924095392
0.0094,0.1402480325271351,0.6147606084238815,0.9065715303382268,0.9911882909919838,0.9999216169840076,0.999999993797802
0.0095,0.14163563816619,0.6186686882946992,0.908909214208813,0.9916228861624876,0.9999291508972776,0.9999999949322612
0.0096,0.1430211440241237,0.6225375110432796,0.9111886338511456,0.9920360876845458,0.999935961329394,0.999999995859298
0.0097,0.1444045530668743,0.6263674671078563,0.9134112357735692,0.9924289466926584,0.9999421176934438,0.9999999966168216
0.0098,0.1457858682564947,0.6301589430823449,0.9155784307130624,0.992802462774319,0.9999476827488234,0.9999999972358162
0.0099,0.14716509255115,0.6339123217537951,0.9176915945163548,0.9931575864930208,0.9999527132384602,0.999999997741604
0.01,0.1485422289051244,0.6376279821395031,0.9197520689994404,0.9934952217880096,0.9999572604650636,0.9999999981548808
0.0101,0.1499172802688255,0.6413062995237617,0.921761162785996,0.9938162282567942,0.9999613708122316,0.9999999984925608
0.0102,0.1512902495887893,0.6449476454942559,0.9237201521252256,0.9941214233261276,0.9999650862156896,0.999999998768466
0.0103,0.1526611398076846,0.6485523879781064,0.9256302816896343,0.9944115843169008,0.999968444589424,0.9999999989938932
0.0104,0.1540299538643179,0.6521208912775671,0.9274927653532202,0.9946874504081212,0.9999714802110286,0.9999999991780736
0.0105,0.1553966946936383,0.655653516105376,0.9293087869505628,0.9949497245049004,0.9999742240701602,0.9999999993285512
0.0106,0.1567613652267432,0.6591506196197701,0.9310795010172794,0.9951990750151332,0.9999767041836364,0.9999999994514908
0.0107,0.1581239683908768,0.6626125554591422,0.9328060335122929,0.9954361375393196,0.9999789458803598,0.9999999995519296
0.0108,0.1594845071094448,0.6660396737764025,0.9344894825223802,0.9956615164777745,0.9999809720589642,0.9999999996339844
0.0109,0.160842984302012,0.6694323212729685,0.9361309189494056,0.9958757865592484,0.9999828034207816,0.9999999997010188
0.011,0.1621994028843089,0.6727908412324475,0.9377313871806796,0.9960794942948004,0.999984458680501,0.999999999755781
0.0111,0.1635537657682362,0.6761155735539889,0.9392919057428548,0.9962731593605678,0.9999859547566472,0.9999999998005168
0.0112,0.1649060758618699,0.6794068547853146,0.9408134679397576,0.9964572759129064,0.9999873069438134,0.9999999998370614
0.0113,0.1662563360694651,0.6826650181554306,0.9422970424745511,0.9966323138391991,0.9999885290683952,0.999999999866914
0.0114,0.1676045492914615,0.6858903936070218,0.943743574056611,0.9967987199474772,0.9999896336294004,0.9999999998912992
0.0115,0.1689507184244875,0.6890833078285354,0.9451539839934896,0.9969569190978388,0.9999906319257692,0.9999999999112182
0.0116,0.1702948463613663,0.6922440842859559,0.946529170768336,0.9971073152785088,0.9999915341714912,0.9999999999274888
0.0117,0.1716369359911151,0.6953730432542562,0.9478700106031156,0.9972502926292428,0.9999923495996916,0.9999999999407784
0.0118,0.1729769901989578,0.6984705018485813,0.9491773580080028,0.997386216414646,0.9999930865567384,0.9999999999516336
0.0119,0.1743150118663244,0.7015367740550927,0.950452046317252,0.9975154339498556,0.9999937525873316,0.9999999999604998
0.012,0.1756510038708568,0.7045721707615344,0.9516948882119044,0.9976382754809106,0.9999943545114331,0.9999999999677414
0.0121,0.1769849690864132,0.7075769997874992,0.9529066762296404,0.9977550550220268,0.9999948984938212,0.999999999973656
0.0122,0.1783169103830733,0.7105515659144019,0.9540881832620964,0.997866071151878,0.9999953901069762,0.9999999999784864
0.0123,0.1796468306271418,0.7134961709151637,0.95524016303995,0.9979716077708916,0.9999958343879364,0.9999999999824316
0.0124,0.1809747326811545,0.7164111135836086,0.956363350606076,0.9980719348214578,0.9999962358896995,0.9999999999856536
0.0125,0.1823006194038813,0.7192966897635755,0.9574584627770676,0.9981673089728708,0.9999965987276952,0.9999999999882848
0.0126,0.1836244936503319,0.7221531923777498,0.9585261985933984,0.998257974272722,0.9999969266218002,0.9999999999904338
0.0127,0.1849463582717616,0.7249809114562179,0.9595672397585172,0.998344162766388,0.9999972229343216,0.9999999999921888
0.0128,0.1862662161156694,0.7277801341647308,0.96058225106713,0.9984260950861682,0.9999974907043376,0.9999999999936218
0.0129,0.187584070025812,0.7305511448327244,0.9615718808229567,0.998503981011564,0.999997732678742,0.999999999994792
0.013,0.1888999228422024,0.7332942249810392,0.962536761246196,0.9985780200021028,0.9999979513403096,0.9999999999957476
0.0131,0.1902137774011157,0.7360096533493852,0.9634775088709656,0.9986484017040528,0.9999981489330696,0.999999999996528
0.0132,0.1915256365350937,0.7386977059235396,0.9643947249329636,0.9987153064323072,0.9999983274852424,0.9999999999971652
0.0133,0.1928355030729495,0.7413586559622802,0.9652889957475812,0.9987789056286496,0.9999984888299748,0.9999999999976856
0.0134,0.1941433798397719,0.7439927740240588,0.9661608930787128,0.998839362297557,0.9999986346240864,0.9999999999981104
0.0135,0.1954492696569304,0.7466003279934158,0.9670109744984808,0.9988968314206388,0.9999987663650132,0.9999999999984572
0.0136,0.1967531753420788,0.7491815831071393,0.9678397837381064,0.9989514603507584,0.9999988854061272,0.9999999999987406
0.0137,0.1980550997091622,0.7517368019801738,0.9686478510301384,0.9990033891868312,0.999998992970584,0.9999999999989718
0.0138,0.1993550455684151,0.7542662446312636,0.9694356934422496,0.9990527511302412,0.9999990901638396,0.9999999999991606
0.0139,0.2006530157263745,0.7567701685083765,0.9702038152028222,0.999099672823783,0.9999991779849668,0.9999999999993148
0.014,0.2019490129858789,0.7592488285138526,0.9709527080185012,0.9991442746739772,0.9999992573368828,0.9999999999994408
0.0141,0.2032430401460747,0.7617024770293235,0.9716828513839314,0.9991866711575772,0.999999329035596,0.9999999999995434
0.0142,0.2045351000024196,0.7641313639403883,0.9723947128838608,0.9992269711130408,0.9999993938185636,0.9999999999996272
0.0143,0.2058251953466876,0.7665357366610486,0.9730887484878016,0.9992652780177004,0.999999452352246,0.9999999999996956
0.0144,0.2071133289669741,0.768915840157909,0.9737654028374269,0.9993016902513367,0.9999995052389355,0.9999999999997516
0.0145,0.2083995036476993,0.771271916974141,0.9744251095268882,0.9993363013468172,0.9999995530229302,0.9999999999997972
0.0146,0.2096837221696135,0.7736042072532161,0.9750682913762206,0.999369200228434,0.9999995961961116,0.9999999999998346
0.0147,0.2109659873098025,0.7759129487624108,0.9756953606980104,0.9994004714385468,0.999999635202988,0.9999999999998648
0.0148,0.2122463018416865,0.7781983769160706,0.9763067195574848,0.9994301953530982,0.9999996704452542,0.9999999999998898
0.0149,0.2135246685350335,0.7804607247986753,0.9769027600261962,0.9994584483865522,0.99999970228591,0.99999999999991
0.015,0.2148010901559572,0.7827002231876535,0.977483864429444,0.99948530318677,0.9999997310529852,0.9999999999999266
0.0151,0.2160755694669237,0.7849171005759897,0.978050405587598,0.9995108288203178,0.9999997570429048,0.99999999999994
0.0152,0.2173481092267556,0.7871115831946094,0.9786027470514708,0.9995350909486764,0.9999997805235316,0.999999999999951
0.0153,0.2186187121906363,0.7892838950345465,0.9791412433318816,0.999558151995796,0.999999801736916,0.99999999999996
0.0154,0.2198873811101147,0.7914342578688971,0.9796662401235624,0.9995800713074215,0.9999998209017804,0.9999999999999676
0.0155,0.2211541187331094,0.7935628912745587,0.9801780745235338,0.9996009053025956,0.9999998382157668,0.9999999999999736
0.0156,0.2224189278039133,0.7956700126537593,0.9806770752440988,0.9996207076177142,0.9999998538574651,0.9999999999999784
0.0157,0.2236818110631994,0.7977558372553798,0.9811635628205776,0.9996395292435089,0.9999998679882492,0.9999999999999823
0.0158,0.2249427712480193,0.7998205781960583,0.9816378498139152,0.9996574186552972,0.9999998807539344,0.9999999999999856
0.0159,0.2262018110918167,0.8018644464811122,0.9821002410082929,0.9996744219368344,0.9999998922862766,0.9999999999999882
0.016,0.2274589333244252,0.8038876510252337,0.9825510336038582,0.9996905828980756,0.9999999027043264,0.9999999999999905
0.0161,0.2287141406720753,0.8058903986729978,0.9829905174046984,0.9997059431871532,0.9999999121156528,0.999999999999992
0.0162,0.2299674358573975,0.8078728942191663,0.9834189750021736,0.9997205423968504,0.9999999206174508,0.9999999999999936
0.0163,0.2312188215994279,0.809835340428797,0.983836681953724,0.999734418165838,0.9999999282975393,0.9999999999999948
0.0164,0.2324683006136116,0.8117779380571561,0.9842439069572602,0.9997476062749376,0.999999935235266,0.9999999999999958
0.0165,0.2337158756118078,0.8137008858694382,0.9846409120212488,0.9997601407386488,0.9999999415023232,0.9999999999999966
0.0166,0.2349615493022937,0.8156043806602944,0.9850279526305958,0.9997720538921784,0.9999999471634858,0.9999999999999972
0.0167,0.2362053243897705,0.8174886172731723,0.9854052779084348,0.9997833764741888,0.9999999522772788,0.9999999999999976
0.0168,0.2374472035753619,0.819353788619459,0.9857731307739148,0.999794137705476,0.9999999568965782,0.999999999999998
0.0169,0.2386871895566275,0.8212000856974575,0.9861317480960944,0.9998043653637776,0.999999961069158,0.9999999999999984
0.017,0.2399252850275607,0.8230276976111592,0.9864813608440312,0.999814085854904,0.9999999648381795,0.9999999999999988
0.0171,0.241161492678595,0.8248368115888436,0.9868221942331614,0.9998233242803656,0.9999999682426391,0.999999999999999
0.0172,0.2423958151966083,0.8266276130014951,0.9871544678680656,0.9998321045016764,0.9999999713177672,0.9999999999999992
0.0173,0.243628255264927,0.8284002853810417,0.987478395881702,0.9998404492014904,0.999999974095393,0.9999999999999992
0.0174,0.2448588155633304,0.8301550104384152,0.9877941870712016,0.9998483799417334,0.9999999766042724,0.9999999999999994
0.0175,0.2460874987680554,0.8318919680814372,0.9881020450303049,0.9998559172188694,0.999999978870384,0.9999999999999996
0.0176,0.2473143075518004,0.8336113364325299,0.9884021682785232,0.9998630805164498,0.9999999809171976,0.9999999999999996
0.0177,0.2485392445837307,0.8353132918462574,0.988694750387111,0.9998698883550752,0.9999999827659166,0.9999999999999996
0.0178,0.2497623125294785,0.836998008926687,0.9889799801019156,0.999876358339896,0.9999999844356952,0.9999999999999998
0.0179,0.2509835140511541,0.8386656605446002,0.9892580414631984,0.9998825072057772,0.999999985943838,0.9999999999999998
0.018,0.2522028518073456,0.8403164178545177,0.989529113922485,0.999888350860236,0.9999999873059772,1.0
0.0181,0.253420328453124,0.8419504503115678,0.9897933724565274,0.999893904424268,0.9999999885362346,1.0
0.0182,0.2546359466400479,0.8435679256881897,0.9900509876784492,0.9998991822711608,0.9999999896473676,1.0
0.0183,0.255849709016168,0.8451690100906735,0.9903021259461384,0.9999041980633956,0.9999999906509004,1.0
0.0184,0.2570616182260303,0.8467538679755393,0.990546949467959,0.999908964787733,0.9999999915572434,1.0
0.0185,0.2582716769106817,0.8483226621657578,0.9907856164058474,0.9999134947885684,0.9999999923758008,1.0
0.0186,0.2594798877076738,0.8498755538668119,0.9910182809758576,0.9999177997996448,0.9999999931150672,1.0
0.0187,0.2606862532510677,0.8514127026826045,0.991245093546217,0.9999218909742033,0.9999999937827168,1.0
0.0188,0.2618907761714344,0.8529342666312025,0.9914662007329552,0.9999257789136464,0.9999999943856812,1.0
0.0189,0.2630934590958658,0.8544404021604449,0.9916817454931665,0.9999294736947912,0.9999999949302216,1.0
0.019,0.2642943046479743,0.8559312641633817,0.9918918672159632,0.9999329848957762,0.9999999954219936,1.0
0.0191,0.2654933154478982,0.857407005993571,0.9920967018111764,0.9999363216206938,0.9999999958661068,1.0
0.0192,0.266690494112306,0.8588677794802256,0.9922963817958592,0.9999394925230064,0.999999996267175,1.0
0.0193,0.2678858432544004,0.860313734943212,0.992491036378652,0.99994250582781,0.9999999966293668,1.0
0.0194,0.2690793654839231,0.8617450212079032,0.9926807915420528,0.9999453693529972,0.9999999969564476,1.0
0.0195,0.270271063407158,0.8631617856198874,0.992865770122653,0.99994809052938,0.9999999972518172,1.0
0.0196,0.2714609396269368,0.8645641740595322,0.993046091889386,0.9999506764198176,0.999999997518548,1.0
0.0197,0.2726489967426435,0.8659523309564102,0.9932218736198352,0.9999531337374014,0.9999999977594138,1.0
0.0198,0.2738352373502137,0.8673263993035745,0.9933932291746516,0.9999554688627436,0.9999999979769209,1.0
0.0199,0.2750196640421467,0.8686865206717118,0.9935602695701294,0.9999576878604128,0.9999999981733322,1.0
0.02,0.2762022794075044,0.8700328352231421,0.993723103048981,0.9999597964945576,0.999999998350692,1.0
0.0201,0.2773830860319168,0.8713654817256885,0.993881835149358,0.99996180024376,0.9999999985108466,1.0
0.0202,0.2785620864975866,0.8726845975664117,0.994036568772163,0.999963704315157,0.9999999986554636,1.0
0.0203,0.2797392833832927,0.8739903187652099,0.9941874042466904,0.9999655136578632,0.999999998786049,1.0
0.0204,0.2809146792643948,0.8752827799882862,0.9943344393946414,0.999967232975732,0.999999998903963,1.0
0.0205,0.2820882767128376,0.8765621145614845,0.9944777695925526,0.9999688667394864,0.999999999010434,1.0
0.0206,0.2832600782971549,0.8778284544834958,0.9946174878326736,0.9999704191982526,0.9999999991065716,1.0
0.0207,0.284430086582475,0.8790819304389367,0.9947536847823382,0.9999718943905208,0.9999999991933776,1.0
0.0208,0.28559830413052,0.8803226718112939,0.9948864488418598,0.999973296154568,0.9999999992717572,1.0
0.0209,0.2867647334996172,0.8815508066957556,0.9950158662009944,0.9999746281383656,0.9999999993425276,1.0
0.021,0.2879293772446984,0.8827664619119044,0.995142020894,0.9999758938089944,0.9999999994064264,1.0
0.0211,0.2890922379173057,0.8839697630162933,0.9952649948533304,0.9999770964616008,0.9999999994641208,1.0
0.0212,0.290253318065595,0.8851608343148969,0.9953848679619984,0.9999782392279034,0.9999999995162124,1.0
0.0213,0.2914126202343404,0.8863397988754427,0.9955017181046384,0.9999793250842852,0.9999999995632448,1.0
0.0214,0.2925701469649386,0.8875067785396198,0.9956156212173004,0.9999803568594828,0.9999999996057092,1.0
0.0215,0.2937259007954127,0.8886618939351706,0.9957266513360122,0.9999813372418968,0.9999999996440484,1.0
0.0216,0.2948798842604163,0.8898052644878629,0.9958348806441316,0.9999822687865406,0.9999999996786632,1.0
0.0217,0.2960320998912394,0.8909370084333476,0.995940379518526,0.9999831539216462,0.9999999997099148,1.0
0.0218,0.2971825502158068,0.8920572428288932,0.9960432165746042,0.9999839949549424,0.9999999997381298,1.0
0.0219,0.2983312377586904,0.8931660835650193,0.9961434587102308,0.999984794079624,0.9999999997636028,1.0
0.022,0.2994781650411077,0.8942636453770032,0.9962411711485504,0.999985553380026,0.9999999997866004,1.0
0.0221,0.3006233345809277,0.8953500418562809,0.9963364174797464,0.9999862748370152,0.9999999998073626,1.0
0.0222,0.3017667488926745,0.8964253854617352,0.9964292597017648,0.9999869603331176,0.9999999998261068,1.0
0.0223,0.3029084104875319,0.8974897875308736,0.9965197582600251,0.9999876116573913,0.9999999998430285,1.0
0.0224,0.3040483218733473,0.8985433582908972,0.9966079720861466,0.9999882305100568,0.9999999998583052,1.0
0.0225,0.3051864855546355,0.8995862068696608,0.9966939586357084,0.9999888185069028,0.9999999998720964,1.0
0.0226,0.3063229040325832,0.9006184413065276,0.9967777739250766,0.9999893771834684,0.9999999998845466,1.0
0.0227,0.3074575798050541,0.901640168563116,0.996859472567312,0.9999899079990224,0.9999999998957858,1.0
0.0228,0.3085905153665883,0.902651494533939,0.9969391078071876,0.9999904123403438,0.999999999905932,1.0
0.0229,0.3097217132084132,0.9036525240569488,0.9970167315553352,0.9999908915253168,0.9999999999150913,1.0
0.023,0.3108511758184434,0.9046433609239676,0.9970923944215436,0.999991346806346,0.9999999999233596,1.0
0.0231,0.3119789056812854,0.9056241078910218,0.9971661457472274,0.9999917793736044,0.9999999999308232,1.0
0.0232,0.3131049052782417,0.9065948666885754,0.9972380336370916,0.9999921903581184,0.999999999937561,1.0
0.0233,0.3142291770873155,0.907555738031661,0.9973081049900052,0.9999925808347038,0.9999999999436427,1.0
0.0234,0.315351723583214,0.908506821629914,0.9973764055291108,0.9999929518247516,0.9999999999491328,1.0
0.0235,0.3164725472373526,0.9094482161975068,0.997442979831182,0.99999330429888,0.9999999999540888,1.0
0.0236,0.3175916505178594,0.9103800194629876,0.9975078713552522,0.9999936391794532,0.999999999958562,1.0
0.0237,0.3187090358895798,0.9113023281790228,0.9975711224705324,0.9999939573429754,0.9999999999626,1.0
0.0238,0.319824705814076,0.9122152381320384,0.9976327744836322,0.999994259622367,0.9999999999662448,1.0
0.0239,0.3209386627496386,0.9131188441517794,0.9976928676651046,0.9999945468091276,0.9999999999695346,1.0
0.024,0.3220509091512853,0.914013240120764,0.9977514412753312,0.999994819655391,0.999999999972504,1.0
0.0241,0.3231614474707663,0.9148985189836496,0.997808533589761,0.9999950788758816,0.9999999999751844,1.0
0.0242,0.3242702801565683,0.9157747727565084,0.997864181923524,0.9999953251497686,0.9999999999776038,1.0
0.0243,0.3253774096539186,0.91664209253601,0.9979184226554292,0.9999955591224337,0.9999999999797874,1.0
0.0244,0.3264828384047888,0.9175005685085154,0.9979712912513672,0.9999957814071476,0.9999999999817584,1.0
0.0245,0.3275865688478997,0.918350289959082,0.9980228222871304,0.999995992586665,0.9999999999835372,1.0
0.0246,0.3286886034187238,0.9191913452803788,0.9980730494706628,0.99999619321474,0.9999999999851428,1.0
0.0247,0.3297889445494907,0.9200238219815172,0.9981220056637576,0.999996383817567,0.999999999986592,1.0
0.0248,0.3308875946691914,0.9208478066967936,0.998169722903216,0.9999965648951488,0.9999999999879,1.0
0.0249,0.331984556203578,0.9216633851943422,0.9982162324214742,0.9999967369225984,0.9999999999890804,1.0
0.025,0.3330798315751746,0.9224706423847144,0.9982615646667212,0.9999969003513764,0.9999999999901458,1.0
0.0251,0.3341734232032766,0.923269662329362,0.9983057493225144,0.9999970556104644,0.9999999999911072,1.0
0.0252,0.3352653335039557,0.9240605282490438,0.9983488153269048,0.999997203107484,0.9999999999919752,1.0
0.0253,0.3363555648900641,0.9248433225321486,0.9983907908910872,0.9999973432297566,0.9999999999927583,1.0
0.0254,0.3374441197712383,0.925618126742936,0.9984317035175856,0.9999974763453142,0.9999999999934652,1.0
0.0255,0.3385310005539034,0.9263850216296966,0.9984715800179856,0.999997602803857,0.999999999994103,1.0
0.0256,0.339616209641276,0.9271440871328336,0.998510446530223,0.9999977229376648,0.9999999999946788,1.0
0.0257,0.340699749433371,0.9278954023928636,0.9985483285354444,0.9999978370624644,0.9999999999951984,1.0
0.0258,0.3417816223269991,0.928639045758337,0.998585250874445,0.9999979454782506,0.9999999999956672,1.0
0.0259,0.3428618307157793,0.9293750947936876,0.9986212377636986,0.9999980484700706,0.9999999999960902,1.0
0.026,0.343940376990137,0.9301036262869984,0.998656312810986,0.999998146308766,0.9999999999964722,1.0
0.0261,0.3450172635373097,0.9308247162576928,0.9986904990306348,0.99999823925168,0.9999999999968168,1.0
0.0262,0.3460924927413508,0.9315384399641532,0.99872381885838,0.999998327543329,0.9999999999971276,1.0
0.0263,0.3471660669831334,0.9322448719112616,0.9987562941658512,0.99999841141604,0.9999999999974082,1.0
0.0264,0.3482379886403545,0.932944085857868,0.998787946274702,0.9999984910905576,0.9999999999976614,1.0
0.0265,0.3493082600875383,0.9336361548241856,0.9988187959703836,0.9999985667766208,0.99999999999789,1.0
0.0266,0.3503768836960411,0.9343211510991118,0.9988488635155782,0.9999986386735096,0.9999999999980962,1.0
0.0267,0.3514438618340543,0.9349991462474796,0.998878168663293,0.999998706970566,0.9999999999982824,1.0
0.0268,0.3525091968666097,0.9356702111172364,0.998906730669632,0.9999987718476894,0.99999999999845,1.0
0.0269,0.3535728911555792,0.9363344158465507,0.9989345683062452,0.9999988334758052,0.9999999999986016,1.0
0.027,0.3546349470596849,0.9369918298708558,0.99896169987247,0.9999988920173126,0.9999999999987385,1.0
0.0271,0.3556953669344991,0.937642521929815,0.998988143207168,0.9999989476265092,0.9999999999988616,1.0
0.0272,0.3567541531324486,0.9382865600742254,0.9990139157002662,0.9999990004499936,0.9999999999989728,1.0
0.0273,0.3578113080028194,0.9389240116728508,0.999039034304011,0.9999990506270496,0.9999999999990734,1.0
0.0274,0.3588668338917599,0.939554943419188,0.9990635155439404,0.99999909829001,0.999999999999164,1.0
0.0275,0.3599207331422848,0.940179421338168,0.9990873755295828,0.9999991435646026,0.9999999999992458,1.0
0.0276,0.3609730080942795,0.940797510792789,0.9991106299648884,0.9999991865702804,0.9999999999993197,1.0
0.0277,0.3620236610845035,0.9414092764906866,0.9991332941583996,0.9999992274205328,0.9999999999993862,1.0
0.0278,0.3630726944465956,0.9420147824906384,0.9991553830331684,0.9999992662231838,0.9999999999994462,1.0
0.0279,0.3641201105110728,0.9426140922090026,0.9991769111364248,0.9999993030806734,0.9999999999995004,1.0
0.028,0.3651659116053417,0.9432072684260988,0.9991978926490044,0.9999993380903266,0.9999999999995492,1.0
0.0281,0.366210100053697,0.9437943732925204,0.9992183413945408,0.999999371344608,0.9999999999995932,1.0
0.0282,0.3672526781773272,0.9443754683353884,0.999238270848428,0.999999402931364,0.9999999999996332,1.0
0.0283,0.3682936482943179,0.9449506144645424,0.9992576941465569,0.9999994329340536,0.999999999999669,1.0
0.0284,0.3693330127196558,0.9455198719786704,0.9992766240938376,0.9999994614319664,0.9999999999997016,1.0
0.0285,0.3703707737652326,0.94608330057138,0.9992950731725044,0.9999994885004302,0.9999999999997308,1.0
0.0286,0.3714069337398488,0.9466409593372084,0.9993130535502166,0.99999951421101,0.9999999999997572,1.0
0.0287,0.3724414949492172,0.947192906777573,0.9993305770879536,0.9999995386316944,0.9999999999997808,1.0
0.0288,0.3734744596959686,0.9477392008066664,0.9993476553477152,0.9999995618270744,0.9999999999998024,1.0
0.0289,0.3745058302796502,0.9482798987572882,0.9993642996000284,0.9999995838585124,0.9999999999998216,1.0
0.029,0.3755356089967367,0.9488150573866256,0.9993805208312656,0.9999996047843044,0.9999999999998392,1.0
0.0291,0.3765637981406295,0.9493447328819724,0.9993963297507824,0.9999996246598312,0.9999999999998548,1.0
0.0292,0.3775904000016618,0.9498689808663936,0.999411736797872,0.999999643537706,0.9999999999998692,1.0
0.0293,0.3786154168671015,0.9503878564043348,0.9994267521485524,0.9999996614679106,0.999999999999882,1.0
0.0294,0.3796388510211566,0.9509014140071748,0.9994413857221764,0.9999996784979276,0.9999999999998936,1.0
0.0295,0.3806607047449772,0.9514097076387248,0.9994556471878828,0.9999996946728654,0.999999999999904,1.0
0.0296,0.3816809803166607,0.9519127907206734,0.9994695459708814,0.999999710035576,0.9999999999999134,1.0
0.0297,0.3826996800112547,0.952410716137978,0.9994830912585834,0.999999724626768,0.9999999999999218,1.0
0.0298,0.3837168061007624,0.9529035362442024,0.999496292006577,0.9999997384851136,0.9999999999999296,1.0
0.0299,0.3847323608541414,0.9533913028668014,0.9995091569444544,0.9999997516473506,0.9999999999999364,1.0
0.03,0.3857463465373145,0.9538740673123566,0.9995216945814922,0.999999764148378,0.9999999999999426,1.0
0.0301,0.3867587654131693,0.9543518803717568,0.9995339132121897,0.9999997760213488,0.9999999999999484,1.0
0.0302,0.3877696197415621,0.9548247923253294,0.9995458209216684,0.9999997872977572,0.9999999999999534,1.0
0.0303,0.3887789117793228,0.9552928529479208,0.999557425590938,0.9999997980075204,0.999999999999958,1.0
0.0304,0.3897866437802577,0.9557561115139264,0.9995687349020268,0.9999998081790586,0.999999999999962,1.0
0.0305,0.3907928179951537,0.9562146168022724,0.9995797563429878,0.9999998178393696,0.9999999999999658,1.0
0.0306,0.3917974366717823,0.9566684171013462,0.999590497212776,0.9999998270140988,0.9999999999999692,1.0
0.0307,0.3928005020549024,0.9571175602138812,0.999600964626006,0.999999835727608,0.999999999999972,1.0
0.0308,0.3938020163862662,0.9575620934617912,0.9996111655175888,0.9999998440030388,0.9999999999999748,1.0
0.0309,0.3948019819046178,0.958002063690956,0.9996211066472536,0.9999998518623746,0.9999999999999774,1.0
0.031,0.3958004008457039,0.9584375172759646,0.9996307946039544,0.9999998593264968,0.9999999999999796,1.0
0.0311,0.3967972754422727,0.9588685001248076,0.9996402358101688,0.9999998664152416,0.9999999999999816,1.0
0.0312,0.3977926079240793,0.959295057683524,0.9996494365260874,0.9999998731474512,0.9999999999999832,1.0
0.0313,0.398786400517889,0.9597172349408029,0.9996584028536972,0.9999998795410237,0.999999999999985,1.0
0.0314,0.3997786554474809,0.9601350764325394,0.9996671407407656,0.9999998856129604,0.9999999999999865,1.0
0.0315,0.400769374933652,0.9605486262463464,0.9996756559847216,0.9999998913794113,0.9999999999999878,1.0
0.0316,0.4017585611942206,0.9609579280260206,0.999683954236442,0.999999896855716,0.999999999999989,1.0
0.0317,0.4027462164440298,0.9613630249759656,0.9996920410039396,0.999999902056446,0.99999999999999,1.0
0.0318,0.4037323428949532,0.9617639598655704,0.9996999216559634,0.9999999069954424,0.9999999999999912,1.0
0.0319,0.4047169427558927,0.9621607750335454,0.9997076014255036,0.9999999116858524,0.999999999999992,1.0
0.032,0.4057000182327902,0.9625535123922156,0.9997150854132124,0.9999999161401636,0.9999999999999928,1.0
0.0321,0.4066815715286261,0.9629422134317714,0.9997223785907372,0.9999999203702378,0.9999999999999934,1.0
0.0322,0.4076616048434243,0.9633269192244772,0.99972948580397,0.9999999243873422,0.999999999999994,1.0
0.0323,0.4086401203742553,0.9637076704288376,0.9997364117762172,0.9999999282021786,0.9999999999999948,1.0
0.0324,0.4096171203152413,0.9640845072937256,0.9997431611112862,0.9999999318249124,0.9999999999999952,1.0
0.0325,0.410592606857558,0.9644574696624656,0.9997497382964996,0.9999999352651988,0.9999999999999956,1.0
0.0326,0.4115665821894398,0.9648265969768804,0.9997561477056286,0.9999999385322084,0.999999999999996,1.0
0.0327,0.4125390484961825,0.9651919282812949,0.999762393601756,0.9999999416346528,0.9999999999999964,1.0
0.0328,0.4135100079601483,0.9655535022265024,0.999768480140067,0.9999999445808048,0.9999999999999968,1.0
0.0329,0.4144794627607653,0.96591135707369,0.999774411370568,0.9999999473785236,0.9999999999999972,1.0
0.033,0.4154474150745375,0.966265530698328,0.9997801912407394,0.9999999500352734,0.9999999999999974,1.0
0.0331,0.4164138670750439,0.9666160605940172,0.999785823598121,0.9999999525581434,0.9999999999999976,1.0
0.0332,0.4173788209329435,0.9669629838763016,0.9997913121928316,0.9999999549538676,0.999999999999998,1.0
0.0333,0.4183422788159789,0.9673063372864404,0.9997966606800264,0.9999999572288414,0.999999999999998,1.0
0.0334,0.4193042428889795,0.967646157195146,0.9998018726222928,0.9999999593891394,0.9999999999999984,1.0
0.0335,0.4202647153138658,0.967982479606282,0.9998069514919844,0.9999999614405314,0.9999999999999984,1.0
0.0336,0.4212236982496523,0.9683153401605262,0.9998119006734986,0.9999999633884968,0.9999999999999988,1.0
0.0337,0.4221811938524519,0.9686447741389982,0.9998167234654944,0.9999999652382406,0.9999999999999988,1.0
0.0338,0.4231372042754795,0.968970816466849,0.999821423083058,0.9999999669947058,0.9999999999999988,1.0
0.0339,0.4240917316690527,0.9692935017168158,0.9998260026598093,0.9999999686625872,0.999999999999999,1.0
0.034,0.4250447781806001,0.9696128641127444,0.9998304652499606,0.9999999702463442,0.9999999999999992,1.0
0.0341,0.4259963459546626,0.9699289375330716,0.9998348138303188,0.9999999717502116,0.9999999999999992,1.0
0.0342,0.4269464371328964,0.9702417555142792,0.9998390513022408,0.9999999731782117,0.9999999999999992,1.0
0.0343,0.4278950538540771,0.9705513512543076,0.9998431804935376,0.9999999745341642,0.9999999999999992,1.0
0.0344,0.4288421982541036,0.9708577576159402,0.9998472041603316,0.9999999758216978,0.9999999999999994,1.0
0.0345,0.4297878724660017,0.9711610071301536,0.9998511249888666,0.999999977044258,0.9999999999999994,1.0
0.0346,0.4307320786199268,0.971461131999433,0.9998549455972732,0.9999999782051172,0.9999999999999996,1.0
0.0347,0.4316748188431686,0.9717581641010552,0.9998586685372884,0.9999999793073838,0.9999999999999996,1.0
0.0348,0.4326160952601539,0.9720521349903408,0.9998622962959326,0.9999999803540094,0.9999999999999996,1.0
0.0349,0.4335559099924514,0.9723430759038728,0.9998658312971452,0.9999999813477972,0.9999999999999996,1.0
0.035,0.4344942651587713,0.9726310177626826,0.9998692759033774,0.99999998229141,0.9999999999999996,1.0
0.0351,0.4354311628749748,0.9729159911754072,0.9998726324171467,0.9999999831873756,0.9999999999999996,1.0
0.0352,0.4363666052540736,0.9731980264414122,0.999875903082551,0.999999984038096,0.9999999999999998,1.0
0.0353,0.4373005944062345,0.9734771535538854,0.999879090086745,0.9999999848458514,0.9999999999999998,1.0
0.0354,0.4382331324387828,0.9737534022028996,0.9998821955613793,0.9999999856128076,0.9999999999999998,1.0
0.0355,0.4391642214562061,0.9740268017784448,0.9998852215840036,0.9999999863410216,0.9999999999999998,1.0
0.0356,0.4400938635601578,0.9742973813734314,0.9998881701794344,0.9999999870324464,0.9999999999999998,1.0
0.0357,0.44102206084946,0.9745651697866607,0.9998910433210886,0.9999999876889372,1.0,1.0
0.0358,0.4419488154201092,0.9748301955257714,0.9998938429322818,0.9999999883122558,1.0,1.0
0.0359,0.4428741293652745,0.9750924868101496,0.9998965708874968,0.9999999889040748,1.0,1.0
0.036,0.4437980047753082,0.9753520715738176,0.9998992290136178,0.9999999894659836,1.0,1.0
0.0361,0.4447204437377444,0.975608977468288,0.9999018190911348,0.9999999899994908,1.0,1.0
0.0362,0.4456414483373045,0.975863231865394,0.9999043428553166,0.999999990506029,1.0,1.0
0.0363,0.4465610206558998,0.9761148618600872,0.9999068019973548,0.9999999909869588,1.0,1.0
0.0364,0.4474791627726354,0.9763638942732124,0.99990919816548,0.9999999914435728,1.0,1.0
0.0365,0.4483958767638137,0.9766103556542512,0.9999115329660476,0.999999991877098,1.0,1.0
0.0366,0.4493111647029379,0.9768542722840406,0.9999138079645978,0.9999999922886994,1.0,1.0
0.0367,0.4502250286607153,0.9770956701774632,0.9999160246868896,0.9999999926794838,1.0,1.0
0.0368,0.4511374707050609,0.977334575086112,0.9999181846199062,0.999999993050502,1.0,1.0
0.0369,0.452048492901102,0.977571012500928,0.9999202892128376,0.999999993402752,1.0,1.0
0.037,0.4529580973111773,0.9778050076548106,0.9999223398780368,0.9999999937371812,1.0,1.0
0.0371,0.4538662859948469,0.9780365855252058,0.9999243379919532,0.9999999940546896,1.0,1.0
0.0372,0.4547730610088912,0.9782657708366644,0.9999262848960409,0.9999999943561316,1.0,1.0
0.0373,0.455678424407316,0.9784925880633768,0.9999281818976452,0.9999999946423188,1.0,1.0
0.0374,0.4565823782413551,0.9787170614316832,0.9999300302708666,0.9999999949140214,1.0,1.0
0.0375,0.4574849245594748,0.978939214922558,0.9999318312574031,0.9999999951719716,1.0,1.0
0.0376,0.4583860654073766,0.9791590722740696,0.9999335860673708,0.9999999954168636,1.0,1.0
0.0377,0.4592858028280003,0.979376656983816,0.9999352958801032,0.9999999956493576,1.0,1.0
0.0378,0.4601841388615298,0.9795919923113364,0.9999369618449332,0.99999999587008,1.0,1.0
0.0379,0.4610810755453913,0.9798051012804978,0.9999385850819504,0.9999999960796256,1.0,1.0
0.038,0.4619766149142633,0.9800160066818606,0.9999401666827452,0.9999999962785594,1.0,1.0
0.0381,0.4628707590000755,0.9802247310750172,0.9999417077111288,0.9999999964674176,1.0,1.0
0.0382,0.4637635098320143,0.9804312967909092,0.9999432092038388,0.9999999966467098,1.0,1.0
0.0383,0.4646548694365248,0.980635725934123,0.9999446721712248,0.9999999968169194,1.0,1.0
0.0384,0.4655448398373152,0.9808380403851588,0.9999460975979172,0.9999999969785056,1.0,1.0
0.0385,0.4664334230553603,0.981038261802681,0.9999474864434804,0.9999999971319048,1.0,1.0
0.0386,0.4673206211089041,0.9812364116257442,0.9999488396430471,0.9999999972775304,1.0,1.0
0.0387,0.4682064360134639,0.9814325110759968,0.9999501581079387,0.9999999974157764,1.0,1.0
0.0388,0.4690908697818334,0.9816265811598645,0.9999514427262696,0.9999999975470154,1.0,1.0
0.0389,0.4699739244240871,0.9818186426707096,0.9999526943635338,0.999999997671602,1.0,1.0
0.039,0.47085560194758,0.9820087161909716,0.999953913863182,0.999999997789873,1.0,1.0
0.0391,0.4717359043569564,0.982196822094284,0.9999551020471784,0.9999999979021478,1.0,1.0
0.0392,0.47261483365415,0.982382980547572,0.999956259716546,0.99999999800873,1.0,1.0
0.0393,0.4734923918383877,0.9825672115131282,0.9999573876518996,0.9999999981099073,1.0,1.0
0.0394,0.4743685809061932,0.982749534750668,0.999958486613962,0.9999999982059532,1.0,1.0
0.0395,0.4752434028513905,0.9829299698193652,0.99995955734407,0.9999999982971282,1.0,1.0
0.0396,0.4761168596651071,0.9831085360798648,0.9999606005646664,0.999999998383678,1.0,1.0
0.0397,0.476988953335777,0.9832852526962812,0.9999616169797784,0.9999999984658376,1.0,1.0
0.0398,0.4778596858491464,0.9834601386381692,0.9999626072754872,0.9999999985438284,1.0,1.0
0.0399,0.4787290591882711,0.9836332126824814,0.999963572120382,0.9999999986178624,1.0,1.0
0.04,0.4795970753335276,0.9838044934155044,0.9999645121660048,0.9999999986881392,1.0,1.0
0.0401,0.4804637362626114,0.983973999234774,0.999965428047284,0.9999999987548496,1.0,1.0
0.0402,0.4813290439505419,0.9841417483509732,0.9999663203829552,0.999999998818174,1.0,1.0
0.0403,0.4821930003696651,0.9843077587898114,0.9999671897759728,0.999999998878284,1.0,1.0
0.0404,0.4830556074896579,0.9844720483938826,0.9999680368139118,0.9999999989353424,1.0,1.0
0.0405,0.4839168672775308,0.9846346348245087,0.9999688620693578,0.9999999989895042,1.0,1.0
0.0406,0.4847767816976308,0.9847955355635616,0.9999696661002876,0.9999999990409156,1.0,1.0
0.0407,0.485635352711646,0.984954767915268,0.999970449450442,0.9999999990897164,1.0,1.0
0.0408,0.4864925822786077,0.9851123490079964,0.9999712126496848,0.9999999991360388,1.0,1.0
0.0409,0.4873484723548954,0.9852682957960276,0.9999719562143587,0.9999999991800084,1.0,1.0
0.041,0.4882030248942358,0.9854226250613028,0.9999726806476268,0.9999999992217444,1.0,1.0
0.0411,0.4890562418477124,0.985575353415162,0.9999733864398088,0.9999999992613604,1.0,1.0
0.0412,0.4899081251637647,0.985726497300058,0.9999740740687068,0.9999999992989632,1.0,1.0
0.0413,0.490758676788192,0.9858760729912563,0.999974743999924,0.9999999993346558,1.0,1.0
0.0414,0.4916078986641577,0.9860240965985196,0.9999753966871748,0.9999999993685345,1.0,1.0
0.0415,0.4924557927321918,0.9861705840677712,0.9999760325725882,0.9999999994006912,1.0,1.0
0.0416,0.4933023609301944,0.9863155511827468,0.999976652087,0.9999999994312134,1.0,1.0
0.0417,0.494147605193439,0.9864590135666266,0.9999772556502428,0.9999999994601844,1.0,1.0
0.0418,0.4949915274545762,0.9866009866836516,0.9999778436714244,0.9999999994876824,1.0,1.0
0.0419,0.495834129643637,0.9867414858407244,0.9999784165492012,0.9999999995137822,1.0,1.0
0.042,0.4966754136880332,0.9868805261889944,0.9999789746720436,0.9999999995385548,1.0,1.0
0.0421,0.497515381512566,0.987018122725426,0.9999795184184964,0.999999999562068,1.0,1.0
0.0422,0.4983540350394253,0.987154290294352,0.9999800481574296,0.999999999584385,1.0,1.0
0.0423,0.4991913761881943,0.9872890435890116,0.999980564248287,0.9999999996055672,1.0,1.0
0.0424,0.5000274068758523,0.987422397153072,0.9999810670413238,0.9999999996256717,1.0,1.0
0.0425,0.5008621290167784,0.9875543653821368,0.9999815568778424,0.9999999996447532,1.0,1.0
0.0426,0.5016955445227547,0.987684962525237,0.9999820340904192,0.999999999662864,1.0,1.0
0.0427,0.5025276553029692,0.987814202686309,0.9999824990031272,0.9999999996800534,1.0,1.0
0.0428,0.5033584632640192,0.9879420998256572,0.9999829519317526,0.999999999696368,1.0,1.0
0.0429,0.504187970309916,0.9880686677614008,0.9999833931840064,0.9999999997118522,1.0,1.0
0.043,0.5050161783420835,0.988193920170909,0.9999838230597288,0.9999999997265482,1.0,1.0
0.0431,0.5058430892593678,0.988317870592219,0.9999842418510908,0.999999999740496,1.0,1.0
0.0432,0.5066687049580363,0.9884405324254416,0.999984649842789,0.999999999753734,1.0,1.0
0.0433,0.5074930273317818,0.988561918934152,0.9999850473122368,0.9999999997662978,1.0,1.0
0.0434,0.5083160582717262,0.9886820432467672,0.9999854345297492,0.999999999778222,1.0,1.0
0.0435,0.5091377996664233,0.9888009183579084,0.999985811758724,0.9999999997895388,1.0,1.0
0.0436,0.509958253401862,0.988918557129752,0.999986179255818,0.9999999998002792,1.0,1.0
0.0437,0.5107774213614699,0.9890349722933656,0.9999865372711194,0.9999999998104726,1.0,1.0
0.0438,0.511595305426116,0.9891501764500306,0.9999868860483144,0.9999999998201466,1.0,1.0
0.0439,0.5124119074741151,0.9892641820725516,0.9999872258248512,0.999999999829328,1.0,1.0
0.044,0.5132272293812279,0.9893770015065544,0.9999875568320984,0.9999999998380414,1.0,1.0
0.0441,0.5140412730206683,0.9894886469717676,0.9999878792955008,0.9999999998463108,1.0,1.0
0.0442,0.5148540402631042,0.989599130563296,0.9999881934347294,0.9999999998541588,1.0,1.0
0.0443,0.5156655329766612,0.9897084642528768,0.99998849946383,0.9999999998616068,1.0,1.0
0.0444,0.5164757530269255,0.9898166598901256,0.9999887975913656,0.9999999998686752,1.0,1.0
0.0445,0.5172847022769476,0.98992372920377,0.999989088020557,0.9999999998753832,1.0,1.0
0.0446,0.5180923825872452,0.990029683802871,0.9999893709494184,0.9999999998817491,1.0,1.0
0.0447,0.5188987958158062,0.99013453517803,0.9999896465708912,0.9999999998877908,1.0,1.0
0.0448,0.5197039438180922,0.990238294702586,0.999989915072972,0.9999999998935242,1.0,1.0
0.0449,0.5205078284470426,0.9903409736338012,0.9999901766388412,0.9999999998989652,1.0,1.0
0.045,0.5213104515530737,0.9904425831140324,0.9999904314469832,0.9999999999041286,1.0,1.0
0.0451,0.5221118149840878,0.990543134171893,0.9999906796713082,0.9999999999090288,1.0,1.0
0.0452,0.5229119205854726,0.9906426377234012,0.9999909214812678,0.9999999999136788,1.0,1.0
0.0453,0.5237107702001053,0.990741104573119,0.99999115704197,0.9999999999180916,1.0,1.0
0.0454,0.524508365668355,0.9908385454152788,0.9999913865142892,0.9999999999222794,1.0,1.0
0.0455,0.5253047088280873,0.9909349708348972,0.9999916100549746,0.9999999999262532,1.0,1.0
0.0456,0.5260998015146663,0.9910303913088812,0.9999918278167556,0.9999999999300244,1.0,1.0
0.0457,0.5268936455609579,0.9911248172071192,0.9999920399484444,0.9999999999336032,1.0,1.0
0.0458,0.5276862427973334,0.9912182587935644,0.9999922465950364,0.9999999999369992,1.0,1.0
0.0459,0.5284775950516734,0.991310726227306,0.9999924478978072,0.999999999940222,1.0,1.0
0.046,0.5292677041493669,0.9914022295636288,0.9999926439944078,0.99999999994328,1.0,1.0
0.0461,0.5300565719133201,0.991492778755064,0.9999928350189576,0.999999999946182,1.0,1.0
0.0462,0.5308442001639562,0.9915823836524292,0.9999930211021348,0.9999999999489358,1.0,1.0
0.0463,0.5316305907192189,0.9916710540058552,0.9999932023712628,0.999999999951549,1.0,1.0
0.0464,0.532415745394576,0.9917587994658076,0.999993378950398,0.9999999999540288,1.0,1.0
0.0465,0.5331996660030224,0.9918456295840926,0.9999935509604122,0.9999999999563816,1.0,1.0
0.0466,0.5339823543550828,0.9919315538148576,0.999993718519074,0.9999999999586144,1.0,1.0
0.0467,0.5347638122588151,0.992016581515578,0.9999938817411292,0.9999999999607332,1.0,1.0
0.0468,0.5355440415198138,0.9921007219480368,0.999994040738376,0.9999999999627436,1.0,1.0
0.0469,0.5363230439412128,0.9921839842792928,0.9999941956197428,0.9999999999646512,1.0,1.0
0.047,0.5371008213236892,0.9922663775826396,0.99999434649136,0.9999999999664616,1.0,1.0
0.0471,0.5378773754654631,0.992347910838555,0.9999944934566322,0.9999999999681792,1.0,1.0
0.0472,0.538652708162306,0.992428592935641,0.9999946366163078,0.9999999999698092,1.0,1.0
0.0473,0.5394268212075403,0.9925084326715542,0.9999947760685468,0.9999999999713556,1.0,1.0
0.0474,0.5401997163920432,0.9925874387539272,0.9999949119089876,0.9999999999728232,1.0,1.0
0.0475,0.5409713955042499,0.9926656198012794,0.999995044230811,0.9999999999742156,1.0,1.0
0.0476,0.5417418603301567,0.9927429843439216,0.9999951731248026,0.9999999999755368,1.0,1.0
0.0477,0.5425111126533237,0.992819540824848,0.9999952986794156,0.9999999999767905,1.0,1.0
0.0478,0.5432791542548785,0.9928952976006216,0.9999954209808294,0.99999999997798,1.0,1.0
0.0479,0.5440459869135195,0.9929702629422504,0.9999955401130076,0.9999999999791088,1.0,1.0
0.048,0.5448116124055158,0.9930444450360536,0.9999956561577562,0.9999999999801796,1.0,1.0
0.0481,0.5455760325047156,0.9931178519845212,0.9999957691947768,0.9999999999811958,1.0,1.0
0.0482,0.5463392489825456,0.9931904918071626,0.9999958793017224,0.99999999998216,1.0,1.0
0.0483,0.5471012636080148,0.9932623724413484,0.999995986554248,0.9999999999830748,1.0,1.0
0.0484,0.5478620781477177,0.9933335017431428,0.999996091026064,0.9999999999839428,1.0,1.0
0.0485,0.5486216943658373,0.9934038874881296,0.9999961927889842,0.9999999999847664,1.0,1.0
0.0486,0.5493801140241482,0.9934735373722252,0.9999962919129748,0.9999999999855476,1.0,1.0
0.0487,0.5501373388820198,0.9935424590124904,0.9999963884662024,0.9999999999862892,1.0,1.0
0.0488,0.5508933706964187,0.9936106599479269,0.9999964825150796,0.9999999999869924,1.0,1.0
0.0489,0.5516482112219125,0.9936781476402714,0.9999965741243098,0.99999999998766,1.0,1.0
0.049,0.5524018622106734,0.9937449294747788,0.9999966633569312,0.9999999999882933,1.0,1.0
0.0491,0.5531543254124773,0.9938110127609971,0.99999675027436,0.999999999988894,1.0,1.0
0.0492,0.5539056025747127,0.9938764047335384,0.9999968349364308,0.999999999989464,1.0,1.0
0.0493,0.55465569544238,0.9939411125528356,0.9999969174014386,0.9999999999900048,1.0,1.0
0.0494,0.5554046057580952,0.9940051433058988,0.9999969977261768,0.999999999990518,1.0,1.0
0.0495,0.5561523352620932,0.9940685040070582,0.9999970759659772,0.9999999999910048,1.0,1.0
0.0496,0.5568988856922306,0.9941312015987032,0.9999971521747462,0.9999999999914666,1.0,1.0
0.0497,0.5576442587839885,0.9941932429520126,0.999997226405002,0.9999999999919048,1.0,1.0
0.0498,0.5583884562704762,0.994254634867677,0.99999729870791,0.9999999999923206,1.0,1.0
0.0499,0.5591314798824343,0.9943153840766152,0.9999973691333178,0.999999999992715,1.0,1.0
0.05,0.5598733313482347,0.9943754972406827,0.999997437729789,0.9999999999930892,1.0,1.0
0.0501,0.5606140123938885,0.9944349809533732,0.9999975045446354,0.9999999999934442,1.0,1.0
0.0502,0.5613535247430457,0.9944938417405128,0.9999975696239504,0.9999999999937812,1.0,1.0
0.0503,0.5620918701169991,0.9945520860609476,0.9999976330126388,0.9999999999941006,1.0,1.0
0.0504,0.5628290502346869,0.9946097203072244,0.9999976947544488,0.9999999999944038,1.0,1.0
0.0505,0.5635650668126962,0.9946667508062642,0.9999977548920004,0.9999999999946914,1.0,1.0
0.0506,0.5642999215652655,0.9947231838200288,0.9999978134668152,0.9999999999949644,1.0,1.0
0.0507,0.565033616204288,0.9947790255461813,0.9999978705193444,0.9999999999952232,1.0,1.0
0.0508,0.5657661524393145,0.99483428211874,0.9999979260889964,0.9999999999954688,1.0,1.0
0.0509,0.5664975319775558,0.9948889596087254,0.9999979802141626,0.9999999999957015,1.0,1.0
0.051,0.5672277565238879,0.9949430640247992,0.9999980329322452,0.9999999999959228,1.0,1.0
0.0511,0.5679568277808498,0.9949966013139006,0.9999980842796816,0.9999999999961324,1.0,1.0
0.0512,0.5686847474486527,0.9950495773618718,0.9999981342919686,0.9999999999963312,1.0,1.0
0.0513,0.5694115172251795,0.9951019979940812,0.9999981830036884,0.99999999999652,1.0,1.0
0.0514,0.5701371388059879,0.9951538689760372,0.99999823044853,0.999999999996699,1.0,1.0
0.0515,0.5708616138843141,0.9952051960139976,0.9999982766593136,0.9999999999968688,1.0,1.0
0.0516,0.5715849441510752,0.995255984755572,0.9999983216680128,0.99999999999703,1.0,1.0
0.0517,0.5723071312948727,0.9953062407903192,0.9999983655057754,0.9999999999971828,1.0,1.0
0.0518,0.5730281770019945,0.995355969650337,0.9999984082029456,0.9999999999973278,1.0,1.0
0.0519,0.5737480829564195,0.9954051768108476,0.9999984497890844,0.9999999999974652,1.0,1.0
0.052,0.5744668508398173,0.9954538676907764,0.9999984902929892,0.9999999999975958,1.0,1.0
0.0521,0.5751844823315551,0.9955020476533238,0.9999985297427144,0.9999999999977196,1.0,1.0
0.0522,0.5759009791086983,0.9955497220065348,0.99999856816559,0.999999999997837,1.0,1.0
0.0523,0.5766163428460138,0.995596896003858,0.99999860558824,0.9999999999979484,1.0,1.0
0.0524,0.5773305752159728,0.9956435748447032,0.9999986420366006,0.999999999998054,1.0,1.0
0.0525,0.5780436778887541,0.9956897636749912,0.9999986775359389,0.999999999998154,1.0,1.0
0.0526,0.5787556525322466,0.9957354675876978,0.999998712110868,0.9999999999982492,1.0,1.0
0.0527,0.5794665008120525,0.995780691623394,0.9999987457853664,0.9999999999983394,1.0,1.0
0.0528,0.5801762243914901,0.9958254407707792,0.9999987785827924,0.9999999999984248,1.0,1.0
0.0529,0.5808848249315965,0.99586971996721,0.9999988105259012,0.999999999998506,1.0,1.0
0.053,0.5815923040911315,0.9959135340992232,0.9999988416368591,0.9999999999985832,1.0,1.0
0.0531,0.5822986635265773,0.9959568880030528,0.9999988719372604,0.999999999998656,1.0,1.0
0.0532,0.583003904892146,0.995999786465144,0.9999989014481404,0.9999999999987254,1.0,1.0
0.0533,0.5837080298397797,0.9960422342226596,0.9999989301899918,0.9999999999987912,1.0,1.0
0.0534,0.5844110400191533,0.9960842359639824,0.9999989581827762,0.9999999999988534,1.0,1.0
0.0535,0.5851129370776784,0.9961257963292128,0.9999989854459398,0.9999999999989124,1.0,1.0
0.0536,0.5858137226605056,0.9961669199106608,0.9999990119984258,0.9999999999989686,1.0,1.0
0.0537,0.5865133984105273,0.9962076112533328,0.9999990378586874,0.9999999999990218,1.0,1.0
0.0538,0.587211965968381,0.9962478748554154,0.9999990630447008,0.9999999999990722,1.0,1.0
0.0539,0.5879094269724523,0.9962877151687508,0.9999990875739768,0.99999999999912,1.0,1.0
0.054,0.5886057830588756,0.9963271365993106,0.9999991114635736,0.9999999999991654,1.0,1.0
0.0541,0.5893010358615403,0.9963661435076642,0.9999991347301076,0.9999999999992084,1.0,1.0
0.0542,0.5899951870120917,0.9964047402094404,0.999999157389766,0.9999999999992492,1.0,1.0
0.0543,0.5906882381399343,0.9964429309757876,0.9999991794583164,0.999999999999288,1.0,1.0
0.0544,0.591380190872234,0.9964807200338262,0.9999992009511188,0.9999999999993248,1.0,1.0
0.0545,0.5920710468339221,0.9965181115670984,0.9999992218831348,0.9999999999993596,1.0,1.0
0.0546,0.5927608076476971,0.9965551097160136,0.99999924226894,0.9999999999993928,1.0,1.0
0.0547,0.5934494749340279,0.9965917185782872,0.9999992621227316,0.999999999999424,1.0,1.0
0.0548,0.5941370503111569,0.9966279422093772,0.9999992814583398,0.9999999999994538,1.0,1.0
0.0549,0.5948235353951024,0.9966637846229166,0.9999993002892364,0.999999999999482,1.0,1.0
0.055,0.5955089317996625,0.996699249791138,0.9999993186285444,0.9999999999995088,1.0,1.0
0.0551,0.5961932411364145,0.9967343416452984,0.9999993364890472,0.999999999999534,1.0,1.0
0.0552,0.5968764650147228,0.9967690640760968,0.9999993538831964,0.999999999999558,1.0,1.0
0.0553,0.5975586050417383,0.9968034209340882,0.9999993708231216,0.999999999999581,1.0,1.0
0.0554,0.598239662822402,0.9968374160300943,0.999999387320638,0.9999999999996028,1.0,1.0
0.0555,0.5989196399594479,0.9968710531356088,0.9999994033872548,0.9999999999996232,1.0,1.0
0.0556,0.5995985380534057,0.996904335983199,0.9999994190341828,0.9999999999996426,1.0,1.0
0.0557,0.6002763587026039,0.9969372682669048,0.9999994342723424,0.999999999999661,1.0,1.0
0.0558,0.6009531035031719,0.99696985364263,0.9999994491123708,0.9999999999996786,1.0,1.0
0.0559,0.6016287740490438,0.9970020957285346,0.9999994635646297,0.9999999999996952,1.0,1.0
0.056,0.6023033719319608,0.997033998105419,0.9999994776392116,0.9999999999997108,1.0,1.0
0.0561,0.6029768987414723,0.9970655643171062,0.999999491345948,0.999999999999726,1.0,1.0
0.0562,0.6036493560649416,0.9970967978708196,0.9999995046944152,0.99999999999974,1.0,1.0
0.0563,0.6043207454875474,0.997127702237558,0.9999995176939416,0.9999999999997536,1.0,1.0
0.0564,0.6049910685922858,0.9971582808524648,0.999999530353613,0.9999999999997664,1.0,1.0
0.0565,0.6056603269599741,0.9971885371151952,0.99999954268228,0.9999999999997784,1.0,1.0
0.0566,0.6063285221692529,0.9972184743902796,0.9999995546885628,0.9999999999997898,1.0,1.0
0.0567,0.6069956557965897,0.997248096007482,0.9999995663808596,0.9999999999998008,1.0,1.0
0.0568,0.6076617294162804,0.9972774052621564,0.9999995777673492,0.9999999999998108,1.0,1.0
0.0569,0.6083267446004534,0.9973064054155976,0.9999995888559986,0.9999999999998208,1.0,1.0
0.057,0.6089907029190722,0.9973350996953916,0.9999995996545684,0.99999999999983,1.0,1.0
0.0571,0.6096536059399357,0.9973634912957584,0.9999996101706174,0.9999999999998388,1.0,1.0
0.0572,0.6103154552286848,0.9973915833778948,0.9999996204115084,0.9999999999998472,1.0,1.0
0.0573,0.6109762523488029,0.9974193790703118,0.9999996303844132,0.9999999999998552,1.0,1.0
0.0574,0.6116359988616189,0.9974468814691696,0.9999996400963168,0.9999999999998626,1.0,1.0
0.0575,0.6122946963263103,0.9974740936386082,0.9999996495540232,0.9999999999998695,1.0,1.0
0.0576,0.6129523462999052,0.9975010186110757,0.9999996587641604,0.9999999999998764,1.0,1.0
0.0577,0.6136089503372861,0.9975276593876524,0.9999996677331834,0.9999999999998828,1.0,1.0
0.0578,0.6142645099911919,0.997554018938372,0.9999996764673794,0.9999999999998888,1.0,1.0
0.0579,0.6149190268122208,0.9975801002025398,0.9999996849728732,0.9999999999998946,1.0,1.0
0.058,0.6155725023488335,0.9976059060890476,0.9999996932556297,0.9999999999999,1.0,1.0
0.0581,0.6162249381473538,0.9976314394766844,0.999999701321459,0.9999999999999052,1.0,1.0
0.0582,0.6168763357519749,0.9976567032144454,0.9999997091760204,0.9999999999999102,1.0,1.0
0.0583,0.6175266967047592,0.9976817001218374,0.9999997168248264,0.9999999999999148,1.0,1.0
0.0584,0.6181760225456425,0.9977064329891804,0.9999997242732456,0.9999999999999192,1.0,1.0
0.0585,0.6188243148124358,0.9977309045779066,0.9999997315265076,0.9999999999999234,1.0,1.0
0.0586,0.6194715750408288,0.9977551176208576,0.9999997385897054,0.9999999999999274,1.0,1.0
0.0587,0.6201178047643918,0.9977790748225758,0.9999997454678003,0.9999999999999312,1.0,1.0
0.0588,0.6207630055145793,0.9978027788595958,0.9999997521656244,0.9999999999999348,1.0,1.0
0.0589,0.6214071788207317,0.9978262323807308,0.999999758687884,0.9999999999999382,1.0,1.0
0.059,0.6220503262100789,0.9978494380073568,0.9999997650391632,0.9999999999999414,1.0,1.0
0.0591,0.622692449207743,0.997872398333695,0.9999997712239266,0.9999999999999444,1.0,1.0
0.0592,0.6233335493367389,0.997895115927088,0.999999777246523,0.9999999999999472,1.0,1.0
0.0593,0.6239736281179804,0.9979175933282785,0.999999783111188,0.99999999999995,1.0,1.0
0.0594,0.6246126870702804,0.9979398330516788,0.9999997888220464,0.9999999999999526,1.0,1.0
0.0595,0.6252507277103547,0.9979618375856444,0.9999997943831168,0.999999999999955,1.0,1.0
0.0596,0.6258877515528241,0.9979836093927376,0.9999997997983124,0.9999999999999574,1.0,1.0
0.0597,0.6265237601102169,0.998005150909996,0.999999805071445,0.9999999999999596,1.0,1.0
0.0598,0.6271587548929729,0.9980264645491908,0.9999998102062267,0.9999999999999616,1.0,1.0
0.0599,0.6277927374094441,0.9980475526970888,0.9999998152062736,0.9999999999999636,1.0,1.0
0.06,0.6284257091658993,0.998068417715708,0.9999998200751068,0.9999999999999656,1.0,1.0
0.0601,0.6290576716665245,0.9980890619425704,0.9999998248161568,0.9999999999999674,1.0,1.0
0.0602,0.6296886264134278,0.9981094876909566,0.9999998294327638,0.999999999999969,1.0,1.0
0.0603,0.6303185749066414,0.9981296972501512,0.9999998339281816,0.9999999999999708,1.0,1.0
0.0604,0.6309475186441234,0.9981496928856914,0.9999998383055794,0.999999999999972,1.0,1.0
0.0605,0.6315754591217613,0.9981694768396104,0.9999998425680432,0.9999999999999736,1.0,1.0
0.0606,0.6322023978333742,0.9981890513306778,0.9999998467185792,0.999999999999975,1.0,1.0
0.0607,0.6328283362707156,0.9982084185546404,0.9999998507601148,0.9999999999999762,1.0,1.0
0.0608,0.6334532759234763,0.9982275806844566,0.9999998546955016,0.9999999999999776,1.0,1.0
0.0609,0.6340772182792866,0.9982465398705322,0.9999998585275166,0.9999999999999788,1.0,1.0
0.061,0.6347001648237192,0.9982652982409514,0.9999998622588644,0.9999999999999798,1.0,1.0
0.0611,0.6353221170402923,0.9982838579017062,0.9999998658921796,0.9999999999999808,1.0,1.0
0.0612,0.6359430764104694,0.9983022209369228,0.9999998694300276,0.9999999999999818,1.0,1.0
0.0613,0.636563044413667,0.9983203894090876,0.9999998728749068,0.9999999999999828,1.0,1.0
0.0614,0.6371820225272529,0.9983383653592692,0.999999876229251,0.9999999999999836,1.0,1.0
0.0615,0.6378000122265507,0.9983561508073376,0.9999998794954305,0.9999999999999846,1.0,1.0
0.0616,0.638417014984842,0.9983737477521836,0.9999998826757528,0.9999999999999852,1.0,1.0
0.0617,0.6390330322733689,0.998391158171933,0.9999998857724668,0.999999999999986,1.0,1.0
0.0618,0.639648065561337,0.998408384024162,0.9999998887877618,0.9999999999999868,1.0,1.0
0.0619,0.6402621163159176,0.9984254272461064,0.9999998917237698,0.9999999999999876,1.0,1.0
0.062,0.640875186002251,0.9984422897548728,0.999999894582568,0.999999999999988,1.0,1.0
0.0621,0.6414872760834467,0.998458973447644,0.9999998973661784,0.9999999999999888,1.0,1.0
0.0622,0.6420983880205899,0.9984754802018848,0.999999900076571,0.9999999999999892,1.0,1.0
0.0623,0.6427085232727412,0.998491811875545,0.9999999027156642,0.99999999999999,1.0,1.0
0.0624,0.64331768329694,0.99850797030726,0.9999999052853265,0.9999999999999905,1.0,1.0
0.0625,0.6439258695482072,0.9985239573165487,0.9999999077873768,0.9999999999999908,1.0,1.0
0.0626,0.6445330834795477,0.9985397747040126,0.9999999102235878,0.9999999999999916,1.0,1.0
0.0627,0.6451393265419532,0.9985554242515272,0.999999912595685,0.999999999999992,1.0,1.0
0.0628,0.6457446001844038,0.9985709077224376,0.999999914905349,0.9999999999999922,1.0,1.0
0.0629,0.6463489058538721,0.998586226861748,0.9999999171542168,0.9999999999999928,1.0,1.0
0.063,0.6469522449953247,0.9986013833963108,0.9999999193438824,0.999999999999993,1.0,1.0
0.0631,0.6475546190517254,0.9986163790350128,0.9999999214758984,0.9999999999999934,1.0,1.0
0.0632,0.6481560294640358,0.9986312154689612,0.9999999235517764,0.9999999999999938,1.0,1.0
0.0633,0.6487564776712215,0.9986458943716672,0.999999925572989,0.999999999999994,1.0,1.0
0.0634,0.6493559651102516,0.9986604173992254,0.99999992754097,0.9999999999999944,1.0,1.0
0.0635,0.6499544932161028,0.9986747861904944,0.9999999294571162,0.9999999999999948,1.0,1.0
0.0636,0.650552063421761,0.9986890023672744,0.9999999313227872,0.999999999999995,1.0,1.0
0.0637,0.6511486771582242,0.9987030675344828,0.9999999331393076,0.9999999999999952,1.0,1.0
0.0638,0.6517443358545056,0.998716983280328,0.9999999349079672,0.9999999999999954,1.0,1.0
0.0639,0.6523390409376355,0.9987307511764818,0.999999936630022,0.9999999999999956,1.0,1.0
0.064,0.6529327938326646,0.99874437277825,0.9999999383066956,0.999999999999996,1.0,1.0
0.0641,0.6535255959626636,0.9987578496247403,0.9999999399391788,0.999999999999996,1.0,1.0
0.0642,0.6541174487487309,0.9987711832390308,0.999999941528632,0.9999999999999964,1.0,1.0
0.0643,0.6547083536099909,0.9987843751283332,0.999999943076185,0.9999999999999966,1.0,1.0
0.0644,0.6552983119635982,0.9987974267841588,0.999999944582938,0.9999999999999968,1.0,1.0
0.0645,0.6558873252247401,0.9988103396824782,0.9999999460499625,0.9999999999999968,1.0,1.0
0.0646,0.6564753948066386,0.998823115283883,0.999999947478302,0.999999999999997,1.0,1.0
0.0647,0.6570625221205534,0.998835755033744,0.9999999488689724,0.9999999999999972,1.0,1.0
0.0648,0.6576487085757838,0.9988482603623676,0.9999999502229636,0.9999999999999972,1.0,1.0
0.0649,0.6582339555796722,0.998860632685153,0.999999951541239,0.9999999999999974,1.0,1.0
0.065,0.6588182645376057,0.9988728734027436,0.9999999528247372,0.9999999999999976,1.0,1.0
0.0651,0.6594016368530198,0.998884983901181,0.9999999540743718,0.9999999999999978,1.0,1.0
0.0652,0.6599840739273979,0.9988969655520552,0.9999999552910332,0.999999999999998,1.0,1.0
0.0653,0.6605655771602779,0.9989088197126538,0.9999999564755876,0.999999999999998,1.0,1.0
0.0654,0.6611461479492524,0.9989205477261094,0.9999999576288796,0.999999999999998,1.0,1.0
0.0655,0.6617257876899713,0.998932150921546,0.9999999587517304,0.9999999999999982,1.0,1.0
0.0656,0.6623044977761445,0.9989436306142232,0.9999999598449408,0.9999999999999982,1.0,1.0
0.0657,0.6628822795995448,0.9989549881056802,0.9999999609092898,0.9999999999999984,1.0,1.0
0.0658,0.6634591345500094,0.9989662246838767,0.9999999619455368,0.9999999999999984,1.0,1.0
0.0659,0.6640350640154438,0.9989773416233338,0.9999999629544206,0.9999999999999986,1.0,1.0
0.066,0.6646100693818232,0.9989883401852716,0.999999963936661,0.9999999999999986,1.0,1.0
0.0661,0.6651841520331943,0.9989992216177483,0.9999999648929592,0.9999999999999988,1.0,1.0
0.0662,0.6657573133516796,0.999009987155795,0.9999999658239972,0.9999999999999988,1.0,1.0
0.0663,0.6663295547174797,0.9990206380215502,0.9999999667304398,0.9999999999999988,1.0,1.0
0.0664,0.6669008775088736,0.999031175424394,0.9999999676129344,0.9999999999999988,1.0,1.0
0.0665,0.6674712831022238,0.999041600561079,0.9999999684721108,0.9999999999999988,1.0,1.0
0.0666,0.668040772871977,0.9990519146158616,0.9999999693085836,0.999999999999999,1.0,1.0
0.0667,0.6686093481906675,0.9990621187606304,0.9999999701229494,0.999999999999999,1.0,1.0
0.0668,0.669177010428919,0.9990722141550346,0.9999999709157908,0.9999999999999992,1.0,1.0
0.0669,0.6697437609554476,0.99908220194661,0.9999999716876744,0.9999999999999992,1.0,1.0
0.067,0.670309601137064,0.9990920832709056,0.9999999724391516,0.9999999999999992,1.0,1.0
0.0671,0.6708745323386764,0.9991018592516052,0.9999999731707604,0.9999999999999992,1.0,1.0
0.0672,0.6714385559232912,0.9991115310006522,0.999999973883024,0.9999999999999992,1.0,1.0
0.0673,0.6720016732520178,0.9991210996183706,0.9999999745764516,0.9999999999999992,1.0,1.0
0.0674,0.67256388568407,0.9991305661935844,0.9999999752515394,0.9999999999999992,1.0,1.0
0.0675,0.6731251945767684,0.9991399318037374,0.9999999759087708,0.9999999999999992,1.0,1.0
0.0676,0.6736856012855428,0.9991491975150102,0.999999976548616,0.9999999999999994,1.0,1.0
0.0677,0.6742451071639345,0.9991583643824378,0.9999999771715334,0.9999999999999994,1.0,1.0
0.0678,0.6748037135635991,0.9991674334500236,0.9999999777779692,0.9999999999999994,1.0,1.0
0.0679,0.6753614218343091,0.999176405750855,0.9999999783683572,0.9999999999999994,1.0,1.0
0.068,0.675918233323956,0.9991852823072152,0.999999978943121,0.9999999999999996,1.0,1.0
0.0681,0.676474149378551,0.9991940641306958,0.9999999795026724,0.9999999999999996,1.0,1.0
0.0682,0.6770291713422314,0.9992027522223068,0.999999980047412,0.9999999999999996,1.0,1.0
0.0683,0.6775833005572596,0.9992113475725872,0.9999999805777308,0.9999999999999996,1.0,1.0
0.0684,0.6781365383640272,0.9992198511617126,0.999999981094009,0.9999999999999996,1.0,1.0
0.0685,0.6786888861010562,0.9992282639596024,0.9999999815966168,0.9999999999999996,1.0,1.0
0.0686,0.6792403451050025,0.9992365869260268,0.9999999820859148,0.9999999999999996,1.0,1.0
0.0687,0.6797909167106579,0.9992448210107114,0.9999999825622542,0.9999999999999996,1.0,1.0
0.0688,0.6803406022509522,0.9992529671534413,0.9999999830259768,0.9999999999999996,1.0,1.0
0.0689,0.680889403056956,0.999261026284164,0.9999999834774153,0.9999999999999996,1.0,1.0
0.069,0.681437320457883,0.999268999323092,0.999999983916894,0.9999999999999996,1.0,1.0
0.0691,0.6819843557810923,0.9992768871808024,0.9999999843447284,0.9999999999999998,1.0,1.0
0.0692,0.6825305103520914,0.9992846907583388,0.999999984761226,0.9999999999999998,1.0,1.0
0.0693,0.6830757854945364,0.9992924109473076,0.999999985166686,0.9999999999999998,1.0,1.0
0.0694,0.6836201825302375,0.9993000486299776,0.9999999855613996,0.9999999999999998,1.0,1.0
0.0695,0.6841637027791594,0.9993076046793764,0.9999999859456506,0.9999999999999998,1.0,1.0
0.0696,0.6847063475594246,0.9993150799593858,0.9999999863197154,0.9999999999999998,1.0,1.0
0.0697,0.6852481181873145,0.9993224753248378,0.9999999866838628,0.9999999999999998,1.0,1.0
0.0698,0.6857890159772735,0.9993297916216066,0.9999999870383548,0.9999999999999998,1.0,1.0
0.0699,0.6863290422419097,0.999337029686703,0.9999999873834464,0.9999999999999998,1.0,1.0
0.07,0.6868681982919992,0.999344190348366,0.9999999877193858,1.0,1.0,1.0
0.0701,0.6874064854364852,0.9993512744261536,0.999999988046415,1.0,1.0,1.0
0.0702,0.6879439049824846,0.9993582827310324,0.9999999883647692,1.0,1.0,1.0
0.0703,0.6884804582352873,0.999365216065468,0.9999999886746777,1.0,1.0,1.0
0.0704,0.6890161464983594,0.9993720752235123,0.9999999889763636,1.0,1.0,1.0
0.0705,0.6895509710733461,0.999378860990891,0.9999999892700444,1.0,1.0,1.0
0.0706,0.6900849332600733,0.99938557414509,0.9999999895559316,1.0,1.0,1.0
0.0707,0.69061803435655,0.9993922154554412,0.9999999898342312,1.0,1.0,1.0
0.0708,0.6911502756589715,0.9993987856832068,0.9999999901051438,1.0,1.0,1.0
0.0709,0.6916816584617205,0.9994052855816628,0.9999999903688648,1.0,1.0,1.0
0.071,0.6922121840573703,0.9994117158961832,0.9999999906255842,1.0,1.0,1.0
0.0711,0.692741853736687,0.9994180773643208,0.9999999908754872,1.0,1.0,1.0
0.0712,0.6932706687886321,0.9994243707158889,0.9999999911187544,1.0,1.0,1.0
0.0713,0.693798630500363,0.9994305966730416,0.9999999913555606,1.0,1.0,1.0
0.0714,0.694325740157238,0.9994367559503532,0.9999999915860774,1.0,1.0,1.0
0.0715,0.6948519990428175,0.9994428492548982,0.999999991810471,1.0,1.0,1.0
0.0716,0.6953774084388656,0.9994488772863268,0.9999999920289032,1.0,1.0,1.0
0.0717,0.6959019696253537,0.9994548407369448,0.999999992241532,1.0,1.0,1.0
0.0718,0.6964256838804614,0.9994607402917874,0.9999999924485112,1.0,1.0,1.0
0.0719,0.6969485524805803,0.9994665766286968,0.9999999926499898,1.0,1.0,1.0
0.072,0.6974705767003151,0.999472350418396,0.9999999928461136,1.0,1.0,1.0
0.0721,0.6979917578124872,0.9994780623245624,0.9999999930370248,1.0,1.0,1.0
0.0722,0.6985120970881343,0.9994837130039024,0.9999999932228608,1.0,1.0,1.0
0.0723,0.6990315957965167,0.9994893031062227,0.999999993403756,1.0,1.0,1.0
0.0724,0.6995502552051164,0.9994948332745028,0.9999999935798418,1.0,1.0,1.0
0.0725,0.700068076579641,0.9995003041449648,0.9999999937512452,1.0,1.0,1.0
0.0726,0.700585061184025,0.9995057163471456,0.99999999391809,1.0,1.0,1.0
0.0727,0.7011012102804332,0.9995110705039648,0.9999999940804976,1.0,1.0,1.0
0.0728,0.7016165251292618,0.9995163672317944,0.999999994238585,1.0,1.0,1.0
0.0729,0.7021310069891415,0.9995216071405266,0.9999999943924668,1.0,1.0,1.0
0.073,0.7026446571169397,0.9995267908336412,0.9999999945422546,1.0,1.0,1.0
0.0731,0.7031574767677624,0.9995319189082728,0.9999999946880568,1.0,1.0,1.0
0.0732,0.7036694671949574,0.999536991955276,0.999999994829979,1.0,1.0,1.0
0.0733,0.7041806296501141,0.999542010559292,0.999999994968124,1.0,1.0,1.0
0.0734,0.7046909653830691,0.9995469752988118,0.9999999951025924,1.0,1.0,1.0
0.0735,0.7052004756419069,0.9995518867462412,0.9999999952334808,1.0,1.0,1.0
0.0736,0.7057091616729616,0.9995567454679646,0.9999999953608848,1.0,1.0,1.0
0.0737,0.7062170247208202,0.999561552024406,0.9999999954848968,1.0,1.0,1.0
0.0738,0.7067240660283239,0.9995663069700932,0.9999999956056064,1.0,1.0,1.0
0.0739,0.7072302868365714,0.9995710108537176,0.9999999957231016,1.0,1.0,1.0
0.074,0.7077356883849205,0.9995756642181954,0.9999999958374672,1.0,1.0,1.0
0.0741,0.7082402719109908,0.9995802676007286,0.9999999959487867,1.0,1.0,1.0
0.0742,0.7087440386506644,0.9995848215328632,0.9999999960571406,1.0,1.0,1.0
0.0743,0.7092469898380904,0.9995893265405495,0.9999999961626076,1.0,1.0,1.0
0.0744,0.7097491267056864,0.9995937831441992,0.9999999962652648,1.0,1.0,1.0
0.0745,0.7102504504841398,0.9995981918587438,0.999999996365186,1.0,1.0,1.0
0.0746,0.7107509624024111,0.9996025531936918,0.9999999964624444,1.0,1.0,1.0
0.0747,0.7112506636877356,0.999606867653185,0.9999999965571104,1.0,1.0,1.0
0.0748,0.7117495555656258,0.9996111357360542,0.9999999966492528,1.0,1.0,1.0
0.0749,0.7122476392598738,0.9996153579358754,0.999999996738939,1.0,1.0,1.0
0.075,0.712744915992553,0.9996195347410236,0.999999996826234,1.0,1.0,1.0
0.0751,0.7132413869840211,0.9996236666347278,0.999999996911201,1.0,1.0,1.0
0.0752,0.713737053452922,0.9996277540951244,0.9999999969939024,1.0,1.0,1.0
0.0753,0.7142319166161869,0.9996317975953102,0.999999997074398,1.0,1.0,1.0
0.0754,0.7147259776890386,0.9996357976033952,0.9999999971527463,1.0,1.0,1.0
0.0755,0.7152192378849923,0.9996397545825548,0.9999999972290048,1.0,1.0,1.0
0.0756,0.7157116984158585,0.9996436689910804,0.9999999973032284,1.0,1.0,1.0
0.0757,0.7162033604917442,0.9996475412824318,0.999999997375472,1.0,1.0,1.0
0.0758,0.7166942253210566,0.9996513719052862,0.9999999974457876,1.0,1.0,1.0
0.0759,0.717184294110504,0.9996551613035892,0.9999999975142266,1.0,1.0,1.0
0.076,0.7176735680650985,0.9996589099166036,0.999999997580839,1.0,1.0,1.0
0.0761,0.7181620483881592,0.9996626181789584,0.9999999976456732,1.0,1.0,1.0
0.0762,0.7186497362813112,0.9996662865206978,0.9999999977087766,1.0,1.0,1.0
0.0763,0.7191366329444921,0.9996699153673276,0.9999999977701952,1.0,1.0,1.0
0.0764,0.7196227395759512,0.9996735051398642,0.9999999978299736,1.0,1.0,1.0
0.0765,0.7201080573722529,0.9996770562548808,0.999999997888156,1.0,1.0,1.0
0.0766,0.7205925875282784,0.9996805691245534,0.9999999979447842,1.0,1.0,1.0
0.0767,0.721076331237228,0.999684044156708,0.9999999979999,1.0,1.0,1.0
0.0768,0.7215592896906236,0.9996874817548644,0.9999999980535432,1.0,1.0,1.0
0.0769,0.7220414640783104,0.9996908823182828,0.9999999981057536,1.0,1.0,1.0
0.077,0.7225228555884593,0.999694246242007,0.9999999981565688,1.0,1.0,1.0
0.0771,0.7230034654075692,0.9996975739169092,0.999999998206026,1.0,1.0,1.0
0.0772,0.7234832947204697,0.9997008657297336,0.9999999982541616,1.0,1.0,1.0
0.0773,0.7239623447103206,0.9997041220631392,0.9999999983010106,1.0,1.0,1.0
0.0774,0.7244406165586181,0.9997073432957428,0.9999999983466072,1.0,1.0,1.0
0.0775,0.7249181114451942,0.9997105298021614,0.9999999983909852,1.0,1.0,1.0
0.0776,0.7253948305482198,0.9997136819530535,0.9999999984341764,1.0,1.0,1.0
0.0777,0.7258707750442064,0.9997168001151612,0.9999999984762128,1.0,1.0,1.0
0.0778,0.7263459461080088,0.99971988465135,0.9999999985171248,1.0,1.0,1.0
0.0779,0.7268203449128269,0.9997229359206512,0.9999999985569428,1.0,1.0,1.0
0.078,0.7272939726302078,0.9997259542783002,0.999999998595696,1.0,1.0,1.0
0.0781,0.7277668304300488,0.9997289400757776,0.9999999986334122,1.0,1.0,1.0
0.0782,0.728238919480597,0.999731893660847,0.9999999986701192,1.0,1.0,1.0
0.0783,0.7287102409484554,0.9997348153775956,0.9999999987058446,1.0,1.0,1.0
0.0784,0.7291807959985817,0.9997377055664716,0.9999999987406136,1.0,1.0,1.0
0.0785,0.7296505857942921,0.9997405645643224,0.9999999987744522,1.0,1.0,1.0
0.0786,0.7301196114972629,0.9997433927044324,0.9999999988073852,1.0,1.0,1.0
0.0787,0.7305878742675327,0.9997461903165606,0.9999999988394366,1.0,1.0,1.0
0.0788,0.7310553752635045,0.9997489577269774,0.99999999887063,1.0,1.0,1.0
0.0789,0.7315221156419481,0.9997516952585004,0.9999999989009882,1.0,1.0,1.0
0.079,0.7319880965580018,0.999754403230532,0.9999999989305336,1.0,1.0,1.0
0.0791,0.7324533191651748,0.9997570819590936,0.9999999989592876,1.0,1.0,1.0
0.0792,0.7329177846153497,0.9997597317568624,0.9999999989872717,1.0,1.0,1.0
0.0793,0.733381494058783,0.999762352933205,0.999999999014506,1.0,1.0,1.0
0.0794,0.7338444486441092,0.9997649457942138,0.999999999041011,1.0,1.0,1.0
0.0795,0.7343066495183426,0.9997675106427398,0.9999999990668058,1.0,1.0,1.0
0.0796,0.7347680978268778,0.9997700477784274,0.9999999990919096,1.0,1.0,1.0
0.0797,0.735228794713494,0.9997725574977478,0.9999999991163404,1.0,1.0,1.0
0.0798,0.7356887413203552,0.9997750400940324,0.9999999991401168,1.0,1.0,1.0
0.0799,0.7361479387880137,0.999777495857505,0.9999999991632558,1.0,1.0,1.0
0.08,0.7366063882554112,0.9997799250753155,0.9999999991857744,1.0,1.0,1.0
0.0801,0.7370640908598822,0.9997823280315716,0.9999999992076896,1.0,1.0,1.0
0.0802,0.7375210477371537,0.9997847050073706,0.9999999992290172,1.0,1.0,1.0
0.0803,0.7379772600213497,0.9997870562808308,0.9999999992497728,1.0,1.0,1.0
0.0804,0.7384327288449929,0.9997893821271232,0.999999999269972,1.0,1.0,1.0
0.0805,0.7388874553390057,0.9997916828185026,0.9999999992896292,1.0,1.0,1.0
0.0806,0.7393414406327129,0.9997939586243372,0.9999999993087592,1.0,1.0,1.0
0.0807,0.739794685853844,0.99979620981114,0.9999999993273762,1.0,1.0,1.0
0.0808,0.740247192128535,0.9997984366425982,0.9999999993454936,1.0,1.0,1.0
0.0809,0.7406989605813303,0.9998006393796028,0.9999999993631248,1.0,1.0,1.0
0.081,0.7411499923351854,0.999802818280278,0.9999999993802832,1.0,1.0,1.0
0.0811,0.7416002885114683,0.999804973600011,0.9999999993969808,1.0,1.0,1.0
0.0812,0.742049850229962,0.9998071055914792,0.9999999994132304,1.0,1.0,1.0
0.0813,0.7424986786088668,0.9998092145046802,0.9999999994290438,1.0,1.0,1.0
0.0814,0.7429467747648004,0.999811300586959,0.9999999994444326,1.0,1.0,1.0
0.0815,0.7433941398128034,0.999813364083036,0.9999999994594084,1.0,1.0,1.0
0.0816,0.7438407748663387,0.999815405235035,0.999999999473982,1.0,1.0,1.0
0.0817,0.7442866810372947,0.99981742428251,0.9999999994881642,1.0,1.0,1.0
0.0818,0.7447318594359866,0.9998194214624724,0.9999999995019656,1.0,1.0,1.0
0.0819,0.7451763111711591,0.9998213970094176,0.9999999995153962,1.0,1.0,1.0
0.082,0.7456200373499884,0.999823351155352,0.999999999528466,1.0,1.0,1.0
0.0821,0.7460630390780845,0.999825284129818,0.9999999995411848,1.0,1.0,1.0
0.0822,0.7465053174594909,0.999827196159921,0.9999999995535618,1.0,1.0,1.0
0.0823,0.7469468735966907,0.9998290874703544,0.999999999565606,1.0,1.0,1.0
0.0824,0.7473877085906055,0.9998309582834252,0.9999999995773268,1.0,1.0,1.0
0.0825,0.7478278235405991,0.9998328088190792,0.9999999995887324,1.0,1.0,1.0
0.0826,0.7482672195444782,0.9998346392949258,0.9999999995998315,1.0,1.0,1.0
0.0827,0.7487058976984955,0.9998364499262616,0.9999999996106324,1.0,1.0,1.0
0.0828,0.7491438590973513,0.9998382409260969,0.9999999996211428,1.0,1.0,1.0
0.0829,0.7495811048341954,0.999840012505177,0.9999999996313704,1.0,1.0,1.0
0.083,0.7500176360006297,0.9998417648720084,0.9999999996413232,1.0,1.0,1.0
0.0831,0.7504534536867095,0.9998434982328812,0.9999999996510084,1.0,1.0,1.0
0.0832,0.750888558980946,0.9998452127918924,0.9999999996604328,1.0,1.0,1.0
0.0833,0.7513229529703085,0.9998469087509696,0.9999999996696036,1.0,1.0,1.0
0.0834,0.751756636740225,0.9998485863098926,0.999999999678528,1.0,1.0,1.0
0.0835,0.7521896113745863,0.9998502456663176,0.9999999996872122,1.0,1.0,1.0
0.0836,0.7526218779557471,0.9998518870157987,0.9999999996956628,1.0,1.0,1.0
0.0837,0.7530534375645274,0.99985351055181,0.9999999997038858,1.0,1.0,1.0
0.0838,0.7534842912802152,0.9998551164657672,0.9999999997118876,1.0,1.0,1.0
0.0839,0.7539144401805686,0.9998567049470504,0.9999999997196738,1.0,1.0,1.0
0.084,0.7543438853418173,0.999858276183024,0.9999999997272504,1.0,1.0,1.0
0.0841,0.7547726278386648,0.9998598303590596,0.9999999997346232,1.0,1.0,1.0
0.0842,0.7552006687442911,0.9998613676585556,0.9999999997417977,1.0,1.0,1.0
0.0843,0.7556280091303527,0.9998628882629584,0.9999999997487784,1.0,1.0,1.0
0.0844,0.7560546500669869,0.999864392351784,0.9999999997555716,1.0,1.0,1.0
0.0845,0.7564805926228129,0.9998658801026364,0.9999999997621816,1.0,1.0,1.0
0.0846,0.7569058378649334,0.9998673516912292,0.9999999997686136,1.0,1.0,1.0
0.0847,0.7573303868589368,0.999868807291405,0.9999999997748722,1.0,1.0,1.0
0.0848,0.7577542406688997,0.9998702470751554,0.9999999997809624,1.0,1.0,1.0
0.0849,0.7581774003573882,0.99987167121264,0.9999999997868882,1.0,1.0,1.0
0.085,0.7585998669854602,0.9998730798722066,0.9999999997926544,1.0,1.0,1.0
0.0851,0.7590216416126672,0.9998744732204092,0.9999999997982654,1.0,1.0,1.0
0.0852,0.7594427252970564,0.9998758514220276,0.9999999998037248,1.0,1.0,1.0
0.0853,0.7598631190951733,0.9998772146400864,0.9999999998090372,1.0,1.0,1.0
0.0854,0.7602828240620616,0.999878563035872,0.9999999998142064,1.0,1.0,1.0
0.0855,0.760701841251268,0.9998798967689536,0.9999999998192364,1.0,1.0,1.0
0.0856,0.7611201717148421,0.9998812159971984,0.9999999998241303,1.0,1.0,1.0
0.0857,0.7615378165033394,0.9998825208767916,0.9999999998288926,1.0,1.0,1.0
0.0858,0.7619547766658226,0.9998838115622528,0.9999999998335264,1.0,1.0,1.0
0.0859,0.7623710532498638,0.999885088206455,0.9999999998380352,1.0,1.0,1.0
0.086,0.7627866473015467,0.9998863509606408,0.9999999998424222,1.0,1.0,1.0
0.0861,0.7632015598654683,0.99988759997444,0.9999999998466907,1.0,1.0,1.0
0.0862,0.7636157919847414,0.9998888353958864,0.9999999998508444,1.0,1.0,1.0
0.0863,0.7640293447009945,0.9998900573714352,0.999999999854886,1.0,1.0,1.0
0.0864,0.7644422190543769,0.9998912660459796,0.9999999998588182,1.0,1.0,1.0
0.0865,0.7648544160835586,0.9998924615628664,0.9999999998626444,1.0,1.0,1.0
0.0866,0.7652659368257323,0.999893644063913,0.9999999998663672,1.0,1.0,1.0
0.0867,0.7656767823166162,0.9998948136894242,0.9999999998699896,1.0,1.0,1.0
0.0868,0.7660869535904551,0.999895970578207,0.9999999998735144,1.0,1.0,1.0
0.0869,0.766496451680023,0.9998971148675868,0.9999999998769435,1.0,1.0,1.0
0.087,0.7669052776166244,0.9998982466934236,0.9999999998802804,1.0,1.0,1.0
0.0871,0.767313432430097,0.9998993661901266,0.9999999998835272,1.0,1.0,1.0
0.0872,0.7677209171488125,0.9999004734906703,0.999999999886686,1.0,1.0,1.0
0.0873,0.7681277327996804,0.9999015687266094,0.9999999998897596,1.0,1.0,1.0
0.0874,0.7685338804081469,0.9999026520280936,0.99999999989275,1.0,1.0,1.0
0.0875,0.7689393609982,0.9999037235238822,0.99999999989566,1.0,1.0,1.0
0.0876,0.7693441755923701,0.99990478334136,0.999999999898491,1.0,1.0,1.0
0.0877,0.7697483252117313,0.9999058316065508,0.9999999999012456,1.0,1.0,1.0
0.0878,0.7701518108759041,0.999906868444132,0.9999999999039256,1.0,1.0,1.0
0.0879,0.7705546336030573,0.9999078939774482,0.9999999999065334,1.0,1.0,1.0
0.088,0.7709567944099094,0.999908908328527,0.9999999999090706,1.0,1.0,1.0
0.0881,0.7713582943117312,0.9999099116180914,0.9999999999115392,1.0,1.0,1.0
0.0882,0.7717591343223472,0.999910903965574,0.999999999913941,1.0,1.0,1.0
0.0883,0.7721593154541369,0.9999118854891312,0.9999999999162776,1.0,1.0,1.0
0.0884,0.7725588387180384,0.999912856305656,0.9999999999185516,1.0,1.0,1.0
0.0885,0.772957705123549,0.9999138165307913,0.9999999999207636,1.0,1.0,1.0
0.0886,0.7733559156787274,0.9999147662789438,0.999999999922916,1.0,1.0,1.0
0.0887,0.7737534713901956,0.999915705663297,0.99999999992501,1.0,1.0,1.0
0.0888,0.7741503732631407,0.9999166347958234,0.9999999999270472,1.0,1.0,1.0
0.0889,0.7745466223013173,0.999917553787298,0.9999999999290295,1.0,1.0,1.0
0.089,0.7749422195070483,0.9999184627473108,0.999999999930958,1.0,1.0,1.0
0.0891,0.775337165881228,0.9999193617842796,0.9999999999328344,1.0,1.0,1.0
0.0892,0.7757314624233234,0.9999202510054616,0.99999999993466,1.0,1.0,1.0
0.0893,0.7761251101313762,0.9999211305169668,0.9999999999364364,1.0,1.0,1.0
0.0894,0.7765181100020035,0.9999220004237692,0.9999999999381644,1.0,1.0,1.0
0.0895,0.7769104630304022,0.9999228608297194,0.9999999999398456,1.0,1.0,1.0
0.0896,0.777302170210349,0.9999237118375564,0.9999999999414814,1.0,1.0,1.0
0.0897,0.7776932325342024,0.9999245535489192,0.9999999999430728,1.0,1.0,1.0
0.0898,0.7780836509929051,0.9999253860643588,0.9999999999446212,1.0,1.0,1.0
0.0899,0.7784734265759857,0.9999262094833492,0.9999999999461274,1.0,1.0,1.0
0.09,0.7788625602715604,0.9999270239042992,0.999999999947593,1.0,1.0,1.0
0.0901,0.7792510530663351,0.9999278294245638,0.9999999999490188,1.0,1.0,1.0
0.0902,0.7796389059456074,0.999928626140455,0.999999999950406,1.0,1.0,1.0
0.0903,0.7800261198932668,0.9999294141472532,0.9999999999517556,1.0,1.0,1.0
0.0904,0.7804126958917995,0.9999301935392176,0.9999999999530688,1.0,1.0,1.0
0.0905,0.7807986349222882,0.999930964409598,0.999999999954346,1.0,1.0,1.0
0.0906,0.7811839379644143,0.9999317268506446,0.9999999999555887,1.0,1.0,1.0
0.0907,0.7815686059964599,0.9999324809536188,0.999999999956798,1.0,1.0,1.0
0.0908,0.78195263999531,0.999933226808804,0.9999999999579742,1.0,1.0,1.0
0.0909,0.7823360409364533,0.999933964505516,0.9999999999591186,1.0,1.0,1.0
0.091,0.7827188097939851,0.9999346941321128,0.999999999960232,1.0,1.0,1.0
0.0911,0.783100947540609,0.9999354157760046,0.9999999999613152,1.0,1.0,1.0
0.0912,0.783482455147638,0.9999361295236652,0.9999999999623688,1.0,1.0,1.0
0.0913,0.7838633335849976,0.9999368354606406,0.999999999963394,1.0,1.0,1.0
0.0914,0.7842435838212254,0.9999375336715588,0.9999999999643914,1.0,1.0,1.0
0.0915,0.7846232068234756,0.999938224240141,0.9999999999653616,1.0,1.0,1.0
0.0916,0.7850022035575195,0.9999389072492094,0.9999999999663056,1.0,1.0,1.0
0.0917,0.7853805749877472,0.999939582780698,0.999999999967224,1.0,1.0,1.0
0.0918,0.7857583220771696,0.9999402509156614,0.9999999999681172,1.0,1.0,1.0
0.0919,0.7861354457874205,0.9999409117342848,0.9999999999689864,1.0,1.0,1.0
0.092,0.7865119470787578,0.999941565315892,0.999999999969832,1.0,1.0,1.0
0.0921,0.7868878269100664,0.9999422117389566,0.9999999999706544,1.0,1.0,1.0
0.0922,0.7872630862388591,0.9999428510811084,0.9999999999714548,1.0,1.0,1.0
0.0923,0.7876377260212777,0.9999434834191452,0.9999999999722332,1.0,1.0,1.0
0.0924,0.7880117472120969,0.9999441088290384,0.9999999999729904,1.0,1.0,1.0
0.0925,0.7883851507647245,0.9999447273859456,0.9999999999737272,1.0,1.0,1.0
0.0926,0.7887579376312039,0.9999453391642156,0.999999999974444,1.0,1.0,1.0
0.0927,0.7891301087622153,0.9999459442373998,0.9999999999751412,1.0,1.0,1.0
0.0928,0.7895016651070784,0.9999465426782586,0.9999999999758196,1.0,1.0,1.0
0.0929,0.7898726076137532,0.9999471345587712,0.9999999999764796,1.0,1.0,1.0
0.093,0.7902429372288423,0.9999477199501436,0.9999999999771214,1.0,1.0,1.0
0.0931,0.7906126548975928,0.9999482989228162,0.999999999977746,1.0,1.0,1.0
0.0932,0.7909817615638981,0.9999488715464726,0.9999999999783534,1.0,1.0,1.0
0.0933,0.7913502581702991,0.9999494378900476,0.9999999999789444,1.0,1.0,1.0
0.0934,0.7917181456579873,0.9999499980217348,0.9999999999795192,1.0,1.0,1.0
0.0935,0.7920854249668042,0.9999505520089949,0.9999999999800786,1.0,1.0,1.0
0.0936,0.792452097035246,0.9999510999185628,0.9999999999806226,1.0,1.0,1.0
0.0937,0.7928181628004634,0.9999516418164568,0.999999999981152,1.0,1.0,1.0
0.0938,0.793183623198264,0.999952177767984,0.9999999999816668,1.0,1.0,1.0
0.0939,0.7935484791631141,0.9999527078377504,0.9999999999821676,1.0,1.0,1.0
0.094,0.7939127316281406,0.9999532320896664,0.9999999999826548,1.0,1.0,1.0
0.0941,0.7942763815251321,0.9999537505869546,0.9999999999831288,1.0,1.0,1.0
0.0942,0.7946394297845419,0.999954263392158,0.99999999998359,1.0,1.0,1.0
0.0943,0.795001877335488,0.9999547705671468,0.9999999999840384,1.0,1.0,1.0
0.0944,0.7953637251057565,0.9999552721731244,0.9999999999844748,1.0,1.0,1.0
0.0945,0.7957249740218029,0.9999557682706368,0.9999999999848992,1.0,1.0,1.0
0.0946,0.7960856250087534,0.9999562589195776,0.999999999985312,1.0,1.0,1.0
0.0947,0.7964456789904072,0.999956744179196,0.9999999999857137,1.0,1.0,1.0
0.0948,0.7968051368892379,0.9999572241081024,0.9999999999861044,1.0,1.0,1.0
0.0949,0.7971639996263953,0.999957698764278,0.9999999999864844,1.0,1.0,1.0
0.095,0.7975222681217076,0.9999581682050778,0.999999999986854,1.0,1.0,1.0
0.0951,0.7978799432936823,0.9999586324872402,0.9999999999872136,1.0,1.0,1.0
0.0952,0.7982370260595087,0.9999590916668922,0.9999999999875634,1.0,1.0,1.0
0.0953,0.7985935173350597,0.9999595457995564,0.9999999999879036,1.0,1.0,1.0
0.0954,0.7989494180348929,0.9999599949401572,0.9999999999882347,1.0,1.0,1.0
0.0955,0.7993047290722523,0.9999604391430268,0.9999999999885568,1.0,1.0,1.0
0.0956,0.7996594513590709,0.9999608784619128,0.99999999998887,1.0,1.0,1.0
0.0957,0.800013585805972,0.9999613129499828,0.9999999999891744,1.0,1.0,1.0
0.0958,0.8003671333222708,0.999961742659832,0.999999999989471,1.0,1.0,1.0
0.0959,0.8007200948159763,0.9999621676434884,0.9999999999897592,1.0,1.0,1.0
0.096,0.8010724711937927,0.9999625879524192,0.9999999999900396,1.0,1.0,1.0
0.0961,0.8014242633611216,0.9999630036375368,0.9999999999903124,1.0,1.0,1.0
0.0962,0.8017754722220635,0.9999634147492042,0.9999999999905778,1.0,1.0,1.0
0.0963,0.8021260986794199,0.9999638213372424,0.9999999999908358,1.0,1.0,1.0
0.0964,0.8024761436346934,0.9999642234509338,0.9999999999910868,1.0,1.0,1.0
0.0965,0.8028256079880923,0.9999646211390304,0.999999999991331,1.0,1.0,1.0
0.0966,0.8031744926385298,0.9999650144497572,0.9999999999915684,1.0,1.0,1.0
0.0967,0.8035227984836267,0.99996540343082,0.9999999999917996,1.0,1.0,1.0
0.0968,0.8038705264197133,0.9999657881294092,0.9999999999920244,1.0,1.0,1.0
0.0969,0.8042176773418309,0.999966168592206,0.999999999992243,1.0,1.0,1.0
0.097,0.8045642521437331,0.9999665448653884,0.9999999999924556,1.0,1.0,1.0
0.0971,0.804910251717888,0.9999669169946358,0.9999999999926624,1.0,1.0,1.0
0.0972,0.8052556769554801,0.999967285025134,0.9999999999928636,1.0,1.0,1.0
0.0973,0.8056005287464113,0.9999676490015816,0.9999999999930592,1.0,1.0,1.0
0.0974,0.8059448079793036,0.9999680089681944,0.9999999999932496,1.0,1.0,1.0
0.0975,0.8062885155414989,0.9999683649687104,0.9999999999934348,1.0,1.0,1.0
0.0976,0.8066316523190634,0.9999687170463962,0.9999999999936148,1.0,1.0,1.0
0.0977,0.8069742191967872,0.9999690652440504,0.99999999999379,1.0,1.0,1.0
0.0978,0.8073162170581869,0.9999694096040096,0.9999999999939604,1.0,1.0,1.0
0.0979,0.807657646785507,0.9999697501681528,0.999999999994126,1.0,1.0,1.0
0.098,0.8079985092597216,0.9999700869779068,0.9999999999942872,1.0,1.0,1.0
0.0981,0.8083388053605363,0.999970420074251,0.999999999994444,1.0,1.0,1.0
0.0982,0.8086785359663895,0.9999707494977212,0.9999999999945964,1.0,1.0,1.0
0.0983,0.8090177019544552,0.999971075288416,0.9999999999947448,1.0,1.0,1.0
0.0984,0.8093563042006421,0.9999713974860004,0.9999999999948892,1.0,1.0,1.0
0.0985,0.8096943435795985,0.99997171612971,0.9999999999950296,1.0,1.0,1.0
0.0986,0.8100318209647119,0.999972031258357,0.999999999995166,1.0,1.0,1.0
0.0987,0.8103687372281115,0.9999723429103335,0.9999999999952988,1.0,1.0,1.0
0.0988,0.8107050932406693,0.999972651123617,0.999999999995428,1.0,1.0,1.0
0.0989,0.8110408898720023,0.9999729559357736,0.9999999999955534,1.0,1.0,1.0
0.099,0.8113761279904739,0.9999732573839636,0.9999999999956756,1.0,1.0,1.0
0.0991,0.8117108084631954,0.9999735555049454,0.9999999999957944,1.0,1.0,1.0
0.0992,0.8120449321560286,0.9999738503350792,0.99999999999591,1.0,1.0,1.0
0.0993,0.8123784999335859,0.9999741419103322,0.9999999999960224,1.0,1.0,1.0
0.0994,0.8127115126592339,0.9999744302662824,0.9999999999961318,1.0,1.0,1.0
0.0995,0.8130439711950923,0.9999747154381232,0.999999999996238,1.0,1.0,1.0
0.0996,0.8133758764020387,0.9999749974606664,0.9999999999963416,1.0,1.0,1.0
0.0997,0.8137072291397085,0.999975276368347,0.999999999996442,1.0,1.0,1.0
0.0998,0.8140380302664965,0.999975552195228,0.99999999999654,1.0,1.0,1.0
0.0999,0.8143682806395591,0.9999758249750031,0.999999999996635,1.0,1.0,1.0
